text,source,label
"why did u drop out of school?

",teenagers,
"someone write a fanfic on this

February and her 11 knights in shining armours ",teenagers,
"bob is good , me like bob , bob like me !",teenagers,
Who on earth hates mj?,teenagers,
https://preview.redd.it/juhzb3krxg1h1.jpeg?width=1450&amp;format=pjpg&amp;auto=webp&amp;s=ec69d8f6a38c48457544ac1f4126c2dfe23dc2ff,teenagers,
if I was born in 1794 i would immediately guillotine myself after reading this,teenagers,
its all downhill from here man,teenagers,
that's not the best time and place for this gif...,teenagers,
"Its multiple, and no because its been during school hours where walking away would get me in trouble",teenagers,
In Germany you would have a broken shoulder now,teenagers,
in my opinion yes it’s weird,teenagers,
"We love MJ in this house.

He was touching hearts, not kids. He was saying too much, his influence went beyond the corrupt western media. No amount of wealth or fame would stop him from speaking his truth. R.I.P.",teenagers,
Oh shit im a gooner with oily hair 🥹,teenagers,
Yeah like everybody else said go to the doctor,teenagers,
What do you mean?,teenagers,
"This thread has been flaired as [Serious]. Please be aware that this marks it as a place for serious discussion only and that any unserious content in this thread will result in a removal, counting towards your [ban tiers](https://www.reddit.com/r/teenagers/wiki/rules#wiki_ban_tiers). If your comment does not contribute to the discussion in a serious manner it will be removed. Please report any comments that do not respect this rule.


*I am a bot, and this action was performed automatically. Please [contact the moderators of this subreddit](/message/compose/?to=/r/teenagers) if you have any questions or concerns.*",teenagers,
not even minimum it's just bare at this point,teenagers,
Idk about country but the faith won’t change ,teenagers,
Just look at a library,teenagers,
The doctor is waiting for you ,teenagers,
your standards are six feet under bro ,teenagers,
"That sucks to hear, hope it gets better friend",teenagers,
then they should of been responsible enough to not have sex 💔,teenagers,
do you realise some people don't want kids even after marriage 😭,teenagers,
Bare minimum 🥹✌️,teenagers,
"You want some?

https://preview.redd.it/nbrqszwgxg1h1.png?width=356&amp;format=png&amp;auto=webp&amp;s=bbcde88d96d7e563b1ecb3dc9d2ce82ce7847083",teenagers,
"Of course, he was cool

![gif](giphy|nrNuOmsd34UyHS3Ont)",teenagers,
https://preview.redd.it/fnieaaxfxg1h1.jpeg?width=4320&amp;format=pjpg&amp;auto=webp&amp;s=a3526940a05ed8f78132ac9a60b86ad25f547683,teenagers,
"the difference is a machete is a tool, bad practice of it is entirely in your control. an abortion is a procedure if the illegally done unregulated abortion goes through theres serious risk involved for the woman.",teenagers,
"did you visit a doctor yet? if not, please do, because it's much better to get it treated as early as possible before waiting for it to worsen

also the worse it gets, the more a brace could hurt if required, so do it right now",teenagers,
get it checked,teenagers,
I big sweet tooth so after 60% it’s dark for me 🙂‍↕️,teenagers,
even if they didnt even have it in the first place like many cases?,teenagers,
I feel so sorry for you my condolences. But don't feel bad for my crying people experience emotions in different ways.,teenagers,
"Well, if you dont get morning wood, which is entirely a non sexual boner function, then the watching things in the morning wont matter, because, uh, no morning wood to balance the phone on. 

Im sorry I think I am confused about your ""another loss for the aro aces"" comment.",teenagers,
I was tagged,teenagers,
say its not nice to eat people without their consent ,teenagers,
they should have the responsibility to understand the risks so its completely on them if the birth control fails,teenagers,
yes i would risk it because i would prefer not to risk a living creature living in constant pain and fear for years before inevitably dying without even knowing what they did wrong?,teenagers,
do you know that maintaining a healthy pregnancy and in some countries giving birth also costs shit tons of money😭😭 how are poor people going to do that,teenagers,
The mods are haters 💔,teenagers,
😂😂 I don't listen to music so much so i fear we dont relate ,teenagers,
"I also want to clarify that social pressure keeps me from actually expressing myself the way I want to. Online I can state my opinions and shout about how horrible some shit is or how much I love some shit, but in real life someone’s gonna shut me up before I open my mouth.",teenagers,
None of my replies are deleted they're all on the post ,teenagers,
Lowk one of the worse standards for me to hear because I only listen to Jpop 💔,teenagers,
The assent is to legislation that has been ratified by Parliament and has nothing to do with the Privy Council it’s the Kings business alone. ,teenagers,
"“Really wants to sleep with children” is very odd phrasing. Michael slept in the same bed, described it the same way a child would describe a sleepover, and would talk about how they’d wake up and go in a hot air balloon, and he has all the footage. 

Why in the world would a pedophile openly describe doing something that obviously sounds pedophilic in nature if the pedophile knew it sounded that way? The only logical conclusion is that Michael simply didn’t see sleeping in the same bed as wrong, which he stated repeatedly. I guess I can never understand age regression, but to an extent I see the logic. 

If the very limit of your thought process is “yikes, do I wanna defend this side or the other?” Then your view is rather narrow minded. He was a weirdo, not a kiddie fiddler. ",teenagers,
So... You think that the only point of sex is to have a child?,teenagers,
feminism until a woman has a different opinion to you 😭,teenagers,
"This thread has been flaired as [Serious]. Please be aware that this marks it as a place for serious discussion only and that any unserious content in this thread will result in a removal, counting towards your [ban tiers](https://www.reddit.com/r/teenagers/wiki/rules#wiki_ban_tiers). If your comment does not contribute to the discussion in a serious manner it will be removed. Please report any comments that do not respect this rule.


*I am a bot, and this action was performed automatically. Please [contact the moderators of this subreddit](/message/compose/?to=/r/teenagers) if you have any questions or concerns.*",teenagers,
"i agree with the death penalty thing because it could also pose a danger to victims of perpetrators. Like say your living with your rapist, if the death penalty was allowed they might just kill you to keep your silence.",teenagers,
That sounds really painful for the hand,teenagers,
"https://preview.redd.it/t112zqk5xg1h1.jpeg?width=1920&amp;format=pjpg&amp;auto=webp&amp;s=d858bde451307732acb56352baef0e6480cc5f89

",teenagers,
Embrace it twin ,teenagers,
This actually might be the funniest comment I’ve seen,teenagers,
then they shouldn't have had sex if they weren't ready for a child,teenagers,
Yep and I don't think I have high standards but there pretty specific so 😗,teenagers,
"THAT TOO WITH SILK COVER, ITS A TEXTURE NIGHTMARE ",teenagers,
Understatement of the century ,teenagers,
"You don’t need to lol you are correct.

That's like asking if most school busses are yellow.",teenagers,
"i genuinely don't care what your opinion is, doesn't change the fact that abortion is healthcare😭 you should be the one to argue with the wall lmao",teenagers,
"i don't know, i somehow ended up in a YouTube short, help",teenagers,
muahahahahaha,teenagers,
Oh damn. Hope it'll get better then,teenagers,
"Holy shit, you are just annoying me now. **I never even remotely said I hated all women**! That’s what I’ve been trying to point out this whole fekking time and you are just missing the fekking point EVERY. SINGLE. TIME. You are just making shit up about me and hating me for it! Here is my point, I will say it plain and simple, every single person in the world is different, every single **fucking** person; they all have different opinions, personalities, and experiences. This leads to the way they act, some people are caring people, like Harry Baals or Eleanor of Aquitaine, some people are Heartless, like Joseph Stalin or Elizabeth Báthory of Hungary, you cannot lump 58.5 billion men into a single basket, or even a hundred. Likewise, you cannot lump 58.6 billion women into one basket, or even a hundred. Everybody acts differently, we are all unique. Some men have raped and plundered, so have some women, but those make up the vast minority of people, most people just like to mind their own business! To say that all men, or even most men out of the 58.6 billion that have existed in history were/are evil is narrow-minded and frankly just plain stupid.",teenagers,
"\&gt;I feel like no government agency or hospital or whatever should ever be able to dictate weather we or something (living) apart of us should die, not even a person should be able to decide if another gets to live or die

While I agree that no government agency should be able to dictate whether someone should die, I don't think abortion is that simple. First of all, I think it depends on what age the fetus is. If it's a 7 month old baby in the womb, than it already has a developed body and semi-developed brain so 100% it's alive. But a 4 week old fetus is scientifically no different than a clump of cells. It hasn't even developed limbs so it's not the same as pointing to a random person who's breathing air and saying ""you should die"".

\&gt;adoption is also an option aswell

The adoption/foster care system in America is straight trash. It's rampant with sexual, physical, and emotional abuse. Kids in the adoption system are at an inflated increase of not only abuse, but homelessness. And it hasn't changed in a long, long, time so I don't think it'll change for a while to come. It's arguably one of the worst options. 

\&gt;if you want the most disgusting criminal you should ever think of to actually suffer...government agencies should not have the right nor the power to take a life

Usually someone is on death row for 19-22 years, leaving ample time to find out if they're innocent. I think that stat you found is to ALL people sentenced to execution, not just the ones who are already dead. 

Ultimately, I think that if the fetus is under a certain age than no one except the parents should be able to decide what to do with it. A 2 week old fetus shouldn't have the same rights as a 7 month old baby. Abortion is definitely a rights issue because the fetus is literally inside the mothers body...The government forcing people to give birth to babies is always going to be met with protest, especially when it endangers the mothers life. 

When you put a ban on abortion than what's stopping states from preventing women who are literally having miscarriages to not have the choice to abort it before the mother dies?? And what's stopping states from deciding that children who have been raped should give birth?? If you completely ban it out right than all these individual circumstances will end up with the mothers flat out dying",teenagers,
Thank you twin 🫶,teenagers,
"yeah im super lucky, my dad was diagnosed with adhd when he was younger so he totally understood. you'll just need to find a way to get him on board",teenagers,
Blackalmondmilk ,teenagers,
"is it graphic? 😭 I'm not very good at handling blood, unless you're talking about the snake itself

ALSO I HOPE YOU'RE OKAY",teenagers,
У них самая лучшая локализация,teenagers,
"Pregnant woman forcefully no longer makes herself pregnant (not through means of giving birth)

and there is a big argument that has been going on for a while whether or not its wrong or not

there are basically two sides:

1- claims that its a natural right of that pregnant woman to get rid of the fetus since its her body

2- claims that the fetus is a human and has its own rights and thus cannot be gotten rid of since that would be murder

I side with the second one and the only time I genuinely consider the first is in the cases where a girl was raped and became pregnant through means beyond her control



I hope that for those cases a technology to extract a fetus and let it grow in an artificial environment can be created",teenagers,
Nah i hang my towel on it,teenagers,
"Doesn’t have enough skeletons, dragons, fire, and tornados on it.",teenagers,
"accidental pregnancy's are just a result of your misguided actions, if you weren't ready for one then dont have sex, or atleast without a condom. also alot of the time drs who say to the mothers that their child will have some sort of disability, and they keep it , alot of the time the child actually dosnt and they got it wrong. would you want to risk it?",teenagers,
have you stopped posting performatively yet?,teenagers,
"absolutely, I'd love to hear!",teenagers,
"Mosquitoes also provide a large food source for mantises, which eat their larvae. Some mantis populations would probably get snuffed without them.",teenagers,
"Модераторы вашего сабреддита напоминают модераторов в rusask. И да, у нас над ними тоже все смеются",teenagers,
The Royal Assent has not been refused since the reign of Queen Anne in 1708. ,teenagers,
I will discomobulate Caesar,teenagers,
"cry then it makes it lighter. hope your day gets better, have this cole

https://preview.redd.it/y3w9psrswg1h1.png?width=236&amp;format=png&amp;auto=webp&amp;s=3b91341171f5dbd7c826b71450225203c21d9cd6

",teenagers,
"and.. that relates to my post, how? and I'm not sure where you got that information from, because when the war had just started, i saw many people rooting for both Palestinians and Ukrainians. even the recent Iran war had many people talking about it. if you only see pro-palestinians, then you might as well be one yourself since you're on the wrong side of the internet ",teenagers,
I just found out you were trolling 💔,teenagers,
Lmao clocked her so fast,teenagers,
My dad thinks Im being delulu when I mention ADHD 🥀,teenagers,
What's dark about it? 😧,teenagers,
Write it then twin ,teenagers,
They are in the walls.,teenagers,
Or if he mistakes feminism for misandrism or asks if you're a feminist who hates men or one that believes in equality 💀 ,teenagers,
"It was not cp. it was a fully legal book containing images of naked children, unironically, barely legal. 

Anyway, it was a gift from a fan named Rhonda. She left an inscription. And Michael never once opened the book to see its contents. It was fan mail that he had no clue had naked kids in it. 

Jordan chandler barely described the mark in “about” and “relatively” the same location. He botched literally every other aspect of the description, so much so that the cops had to ask Katherine if Michael had any surgery done on his penis at any point, and the jurors felt it didn’t match. ",teenagers,
"It also says you shouldn't eat or touch bottom feeding fish, shellfish, pig, etc and that you should be stoned to death for wearing clothing made of multiple fabrics. You keeping either one of those in 2026? Or do you selectively choose which parts to follow because they align with your world view better?",teenagers,
"As a musician, yeah. ",teenagers,
oh this is a peak story idea,teenagers,
![gif](giphy|OeewnmBROjPXY6lIia),teenagers,
oh no brutus ,teenagers,
Blessed be the vacuum sealer.,teenagers,
"i mean yeah, talk to your parents about it. if they're on board you may as well. you stand a lot to gain going through this whole process. i mean i can't really tell you my experience since i just got diagnosed last week and im on meds for the first time today but yk i hope this improves my life and if you go through the process yours as well.",teenagers,
"https://preview.redd.it/6ohjhljevg1h1.png?width=220&amp;format=png&amp;auto=webp&amp;s=5b7d9bd2ece1cd7447b076b143b3f6f54a957230

this subreddit is just so depressing. its always these topics ; 

ABORTION BAD, ABORTION GOOD

PRO CHOICE GOOD, PRO LIFE BAD

ISLAMOPHOBIA  GOOD, ISLAMOPHOBIA  BAD

ATHEISTS GOOD, ATHEISTS BAD

PREACH JESUS GOOD, PREACH JESUS BAD

RELIGION GOOD, RELIGION BAD

MEN BAD, WOMEN BAD

I SHAT ON THIS TOILET, AND I GOONED IN THIS CLASS

like... ok.. i get it debates are good and are necessary but this is the 8th time i'm seeing ts on these subs. like.. do y'all really have to bring out these depressing topics. post some flowers, your games, your artwork.. heck even your homework is ok atp. i mean it just gets to a certain point yk. ",teenagers,
As long as they like the same kind of music as me we're good,teenagers,
"Damn 
I feel for the propaganda thanks for the source ",teenagers,
That is hell.,teenagers,
"did you read the part about the death penalty?? that was the government part. also people are going to do illegal things no matter how much you outlaw them, like in Australia they recently banned machetes yet machete attacks still happen often, its going to happen anyways. ",teenagers,
"![gif](giphy|tJhpLcLhnpSBvoaxLv)

",teenagers,
like as in he fits all ur standards?,teenagers,
sucks 🥀 I hope you feel better soon,teenagers,
It's a beautiful name for a beautiful person 😁,teenagers,
W february❤️‍🩹,teenagers,
"ah yes, let's compare food to blankets. do you hear how silly you sound? people ARE funding money for Palestinians out there if they can, and i still see people actively spreading awareness and asking others to stop using other brands which could cause them harm. stop bringing in other topics into a discussion which is completely unrelated, because there are actual threads which are for talking about this specifically.

what harm is adoption causing? absolutely nothing. and yet, i don't see the same pro-lifers who say to put babies up for adoption adopting.
",teenagers,
Maladaptive daydreaming ,teenagers,
"What if they just don't want a baby even after marriage? 

Plenty of couples choose to stay childless, especially during this time when we have such financial insecurity and everything is become much more expensive.

 You did not properly answer my question, you mentioned birth control in your post. I asked what would your opinion on the case where the partners uses protection yet it fails and the female partner ends up pregnant.",teenagers,
![gif](giphy|U6ddGHJyMz3g4tzXnf),teenagers,
"so if a doctor tells you your baby will be born fully blind, deaf and dysfunctional you will rather let it suffer instead of doing an abortion?  
if its an accidental pregnancy and you are not economically ready to support your child, and not even yourself, you would rather give birth to someone that will struggle, suffer, starve and not be loved instead of doing an abortion?",teenagers,
https://preview.redd.it/yixstk0dwg1h1.jpeg?width=736&amp;format=pjpg&amp;auto=webp&amp;s=feb281b33edb744872fa98e6a66e9da3bb7e8bcf,teenagers,
I have heartburn ,teenagers,
"There are situation like rape or about the psychological effects on a child when a maternal figure, or both parents, are missing, and how that impacts their life in the long term?",teenagers,
*Becomes Brutus*,teenagers,
"February was a kind soul who gave it’s days to those greedy months who wanted an extra day 💔

",teenagers,
hey i heard that audio on plan3,teenagers,
"wait until marriage then?? also birth control for women destroys their body, leads to weight gain, acne, depression and health issues, just wait until youre ready for a baby to have sex",teenagers,
It's ok man it'll get better 👍,teenagers,
"I think what you believe is fine, and you personally don't have to get abortions. However most of your argument is made on subjective things like the morality of the death penalty and if sleeping around is bad. Also its subjective whether or not you think the value of the fetus's potential life is worth more than the suffering of a rape victim. 

I don't think I can change your beliefs, but why should everyone objectively be forced to follow them.",teenagers,
if your top 10 is all drake songs your kids are gonna be named aubrey and nothing else,teenagers,
I personally care more about the mother than the baby but we're all free to have our own opinions on it ,teenagers,
"I cannot see them.

",teenagers,
"Michael Jackson’s autopsy contradicts the boys claims about his penis

The boy said he was circumcise, but his autopsy shows that he’s actually uncircumcised meaning the boy, was incorrect about the description of the penis the entire time",teenagers,
"True, but the consumer can’t do much about what the producer does because meat is a detrimental part of a person’s diet (I do know protein comes from other sources, meat just has the most) but if an animal lives its life in bliss and the only bad day it has is the day it dies is fine in my opinion, problem is that factory farms pack animals together in the name of quantity. Hunting is also fine in my opinion because if you’re going out and getting your own food, you aren’t really contributing to it.",teenagers,
"I was normal as a kid straight A student until like 8th grade when I noticed how differently I got things done


I'm hoping to get meds",teenagers,
Caesar i think,teenagers,
"I need to do a bit of research to see if my suspicion that a much higher percentage of christians are pro-life as opposed to the percentage of atheist that are, is true or jot.",teenagers,
Oooooh sorry lol,teenagers,
"Hi, your submission has been removed due to your account having participated in a NSFW subreddit. Our subreddit is a space meant for teenagers and as such accounts associated with these nsfw subreddits are not permitted here, this is done as a safety measure to protect the teenagers that use our community and to prevent them from being lead to nsfw subreddits through r/teenagers.

If you believe this was a mistake or that this removal was unjustified, please modmail us.

*I am a bot, and this action was performed automatically. Please [contact the moderators of this subreddit](/message/compose/?to=/r/teenagers) if you have any questions or concerns.*",teenagers,
[https://journals.sagepub.com/doi/abs/10.1177/08862605211062990](https://journals.sagepub.com/doi/abs/10.1177/08862605211062990),teenagers,
Age regression. Rose tinted glass. ,teenagers,
Me toooo already 421 am,teenagers,
"Are those atheists in the room with us now?

Can’t say i’ve ever met one that believed that.

I'm assuming you consider the exact moment of conception as a human baby no?",teenagers,
Rip 🥀 eat smth sweet to make you feel better ,teenagers,
all I see is flames fr🔥,teenagers,
you can literally put them up for adoption also im not against sex ed people should know how that stuff works but they shouldn't sleep around ,teenagers,
Why does my birth month have such little days,teenagers,
Yeah lets do it,teenagers,
Noo I’m agreeing with you I didn’t mean to upset you Nevermind ,teenagers,
It’s nothing too deep just having a bad day ,teenagers,
oh then i think it depends on the situation,teenagers,
you cant just say perchance,teenagers,
"Hi, your submission has been removed due to your account having participated in a NSFW subreddit. Our subreddit is a space meant for teenagers and as such accounts associated with these nsfw subreddits are not permitted here, this is done as a safety measure to protect the teenagers that use our community and to prevent them from being lead to nsfw subreddits through r/teenagers.

If you believe this was a mistake or that this removal was unjustified, please modmail us.

*I am a bot, and this action was performed automatically. Please [contact the moderators of this subreddit](/message/compose/?to=/r/teenagers) if you have any questions or concerns.*",teenagers,
I pulled an all-nighter again so I'm in the same boat,teenagers,
https://preview.redd.it/ld3s7kvvvg1h1.jpeg?width=1440&amp;format=pjpg&amp;auto=webp&amp;s=45902500af408e573463ba5dc7fe9a7763b828ed,teenagers,
"If we outlaw abortions, women resort to illegal abortions — according to the World Health Organization, they constitute 45% of all abortions (roughly 33 million out of 73 million per year globally). Illegal abortions have a much higher fatality rate than legal abortions, meaning that, alongside the fetus, the mother also dies. Do you consider this to be an adequate preservation of life?

Additionally, I don't understand how government agencies have the right or power to take a life. The decision is entirely in the mother's hands. This seems to be the crux of your argument; I'd really appreciate it if you could explain that statement more.",teenagers,
"......advocating for women's rights so that they can be treated as equal to men is misandry.......tryna generalize all feminists into man haters is wild.

certain ""feminists"" (misandrists) are shit completely valid. but saying that feminism is misandry is just false equivalence.",teenagers,
No its ok mate.,teenagers,
"Do I need to pull out the fact sheet where it states that protection is not a 100% guarantee, and depending on the type of protection used (condom by the male, or IUD by the female) it has a small but significant chance of failing.

A condom can have micro-tears, while an IUD has a much lower chance of failing although it can still occur if it has been placed incorrectly. What happens in this case then?

Like the parents did not want the child, they used protection, yet the female partner still ended up pregnant.",teenagers,
Congratulations ,teenagers,
agreed I love twinks,teenagers,
You made it gurl I'm so proud of you 👏 ,teenagers,
"Okay then, let’s just keep having more children because sexual education is missing. And what is the greater sin: bringing a child into the world when you don’t want them, then making them suffer because you can’t afford to raise or educate them, or taking action while it is still a small embryo in the first weeks after you took the test and found out? 🤷🏼",teenagers,
"yep, just got diagnosed like last week.",teenagers,
"So basically unethical, forced breeding which  might cause inbreeding and produce unfit offsprings , and they don't even take proper care of the the dogs , got it 🫡",teenagers,
"This is a woman, they dont exist on the internet.",teenagers,
"https://preview.redd.it/lkavggjnvg1h1.jpeg?width=682&amp;format=pjpg&amp;auto=webp&amp;s=d387b3d450936b49bd9c4467135d13c63e8bd68a

Reference for a drawing I did",teenagers,
"&gt;any war would now automatically tick the boxes for genocide.

Bullshit

&gt;72,000 dead for three years of urban combat is indeed low.

Bullshit

&gt;Your attitude seems to be to absolve Hamas and their ilk of any blame,

Bullshit, I don't condone Hamas. I told you where their blame is placed. 

&gt;As for funding Hamas - crap. Indirectly at best, a long time ago. By allowing transfer of Qatari funds.

Bullshit

&gt;Lovely people you condone.

Bullshit, I don't condone Hamas. I told you where there blame is placed. 

If you don't want to read my comment don't reply. If you want a full fledged argument or response try to interact with my comment prior to typing your argument. A discussion is between to people and you don't seem to interact with my side. You counter arguments I didn't make and say I have opinions I didn't express or denied. 

If you want to argue against a wall, find a wall. ",teenagers,
https://preview.redd.it/0u7gdsanvg1h1.jpeg?width=1088&amp;format=pjpg&amp;auto=webp&amp;s=3b7546613713d6a3885c6c275c747acc1988e8b9,teenagers,
Wasn’t he a pedo? ,teenagers,
You got good features kid use that as motivation and count your calories!,teenagers,
Post memes ,teenagers,
I can't study either but I have mental problems so it's hard for me to focus,teenagers,
"Hi, your submission has been removed due to your account having participated in a NSFW subreddit. Our subreddit is a space meant for teenagers and as such accounts associated with these nsfw subreddits are not permitted here, this is done as a safety measure to protect the teenagers that use our community and to prevent them from being lead to nsfw subreddits through r/teenagers.

If you believe this was a mistake or that this removal was unjustified, please modmail us.

*I am a bot, and this action was performed automatically. Please [contact the moderators of this subreddit](/message/compose/?to=/r/teenagers) if you have any questions or concerns.*",teenagers,
i think it's a very slippery slope when we remove our own bodily autonomy and surrender those rights to the government. even if it seems for a novel cause removing **the right to abort** is something that i simply cannot support. i think the best action if your pro life is when you get pregnant to not abort your baby rather than taking away someones right who wants to abort their baby. that way both parties win.,teenagers,
your choice!!!,teenagers,
I cast: WARM MOIST PILLOW!!!,teenagers,
"Depends very much on the circumstances of the abortion. Abortion can absolutely be a right, it can also be a privilege, just depending on the circumstances.

That being said, I think the right and the privilege should be granted in modern society.",teenagers,
https://preview.redd.it/v25f1dcgvg1h1.jpeg?width=545&amp;format=pjpg&amp;auto=webp&amp;s=32a54d60cea02e72cb7bf1616bf79be9a481eaf1,teenagers,
"yeah I am, plenty of atheists have this opinion aswell",teenagers,
Yeah welcome to real life,teenagers,
"https://preview.redd.it/q9ho8frdvg1h1.jpeg?width=271&amp;format=pjpg&amp;auto=webp&amp;s=34a73f864af112f30f253a77a2fb81655280d4ad

",teenagers,
Why? He was a great dude who did a lot of humanitarian work. ,teenagers,
No just be moderate in your drinking and you should be fine,teenagers,
"You don't make your baby born, commonly associated with killing the child",teenagers,
Medically induced termination of pregnancy.,teenagers,
What if I’m not trying to be nonchalant. Like I care about things I just rarely find the need to broadcast it the way some people do. I don’t know how to explain it because I’m terrible at explaining things but multiple people at my school have called me nonchalant and I literally don’t try to and don’t even want to be.,teenagers,
"Let me guess, you're a Christian?",teenagers,
"Dude try to socialize with guys with similar interests, Or even just give them a compliment, It's a lot more smooth if you try to set it off as a ""Real one"" Instead of asking random guys to be friends. Trust me bro",teenagers,
Being addicted to porn,teenagers,
"

1. True. The vast majority of the time he slept nearby or on the ground, but there were a few times he slept in the bed with them. 

2. Significantly more people have accused him. Those are just the more known cases. Not sure what relevance the nicknames have. 

3. He settled due to poor legal advice given from his lawyers due to the potential for him to be found guilty, as long as the potential length of the case, which could’ve clashed with tour dates, something meticulously planned out by evan chandler to make Michael more likely to settle. It worked. Michael has since then repeatedly stated that it was the biggest mistake he’d ever made, and that he never wanted to pay them, admitting it was poor advice, as it made other people accuse him for money. 

4. This is just untrue. A rumor that has been continuously repeated and spread for no good reason. The photos didn’t match. He incorrectly guessed the state of Michael’s penis in terms of circumcision, and the drawing was so off the cops questioned Katherine to see if Michael had got any surgical changes done to his penis. Jordan chandler only managed to get one mark in the right spot, which was described as being “about” and “relatively” in the same location. The jurors also felt the drawing didn’t match. 

5. If I was Michael I’d want the same? It’s like people forget Michael was the most famous person in the world at the time, and couldn’t trust anyone. I’d definitely also want the latest and most locked up security system to my one personal space of absolutely privacy. I don’t want anyone snooping while I’m gone. Plus he had private things in his room, like gifts and adult magazines. 

6. Depends what exactly you’re referring to. If you just mean adult mags that had both Michael and Gavin arvizo’s fingerprints on it, this has already been debunked, as Gavin was given the magazine to hold in a 2004 proceeding, contaminating it with his fingerprints.

Ya don’t think he could’ve just…moved the magazines…whenever people slept over?

7. Literally 0 correlation here. Are you trying to imply that he’s gay or something? I mean he wasn’t. We have heaps of evidence proving this.

Also, Lisa Marie Presley and Priscilla Presley had confirmed their sexual relationship? He had sex with her. 

8. I also don’t see much relevance here. He was a kind person who often gifted his friends, especially those from less well off families.

9. True. Still don’t see the relevance though. 

10. True. He’s said it multiple times. I get it. Dude had age regression. He saw things through rose tinted glass. He didn’t understand why people viewed it as wrong, commonly replying “who’s Jack the Ripper in the room?” Michael made it very clear in his lifetime that he saw nothing actually wrong with it if all intentions are pure, and I guess one could argue he wasn’t all that wrong if we focus purely on the act and not the potential implications or societal boundaries. He was an odd fella with the mind of a child, not a pedophile. He saw everything with a very heavy sense of innocence, which, while pretty interesting, was very harmful to him.",teenagers,
Pretty good advice actually,teenagers,
Yeah bro he the Goat  of Pop,teenagers,
"Math hw

https://preview.redd.it/y4tiy8o7vg1h1.jpeg?width=3120&amp;format=pjpg&amp;auto=webp&amp;s=8582479b34efa1bad01dde42011e88a20e17c19f",teenagers,
"only if you see benefit out if it. there's no point in doing it if you don't know what your next steps are after the diagnosis. personally i did my diagnosis because im on the verge of being expelled from my school because of my behavioral issues in class, and me and my parents are hoping medication would help like it did with my dad. but if you don't see your life changing after getting a diagnosis it really is a waste of money and time.",teenagers,
3/4 of these comments make no sense at all,teenagers,
"Because women do not kill and rape and plunder like men do. You can try to hate all women, but it just looks ridiculous when you have to really search for examples of evil women while evil men are a dime a dozen. Relying on the very few good men to fix the damage the evil ones do is not a good method, because in that time lives are lost and destroyed, governments corrupted, and land destroyed. We have seen that cultivating into the modern day. ",teenagers,
deliberate ending of a pregnancy,teenagers,
Hell yeah! 🤙,teenagers,
"I wish both sides of the gender wars would just shut up, honestly. Like, the gender wars just shouldn't exist, it's pointless.

All it accomplishes is giving people headaches.",teenagers,
Yeah I prob have ADHD also you have ADHD ? :0,teenagers,
What lore am l missing ,teenagers,
Proof that he might have done it? How does that work?,teenagers,
Skill issue ,teenagers,
The medical termination of a pregnancy ,teenagers,
Not for a month and a half 😞,teenagers,
"Ikr it was barely half a foot away from my doorstep,open the door,bamm ankle attack i could share a pic if wouldn't mind.",teenagers,
"Daddy's outfit at age of 23?  
You planning to retire at age of 25 or smth? ",roastme,
At least lose the acne HIV whatever and just go bald ,roastme,
Kia no soul ,roastme,
Dude is a lady!,roastme,
Zohran Mandummy,roastme,
What is your real work experience? (scam call centers in Delhi are not counted as work experience),roastme,
You can get paid for advertising on your billboard. Forehead. I mean Fivehead ,roastme,
![gif](giphy|TXiv1fgvXnW3lK821a),roastme,
You’re a straight 10/10. This is not the type of roast I’d give you….,roastme,
ah man u have a sad face in the 4th one like your just tryna push through life i feel sorry for u ,roastme,
That's exactly what I was thinking.,roastme,
You look like you use a lighter and set a woman's hair on fire when she rejects your call for a date,roastme,
You're gonna have to translate that for us the uninitiated ,roastme,
If an unenthusiastic hand job was a person. ,roastme,
Is your head stuck in the rainbow bridge? Id get out of there before a dog mistakes your head for a traffic cone and pees on you.,roastme,
You better delete your account before this post becomes your 13th reason.,roastme,
Pompadourk ,roastme,
"Well, that's really unfortunate.. ",roastme,
![gif](giphy|YTtsEX1tjFgWmN41qe),roastme,
You look like a Walmart version of dr k ,roastme,
You look like my friend from middleschool named spencer,roastme,
![gif](giphy|5wWf7GMbT1ZUGTDdTqM),roastme,
You look like you masturbate to 90s sitcoms,roastme,
You're like the back of Ashley's head from the boys who got her own body.,roastme,
You look like if a man had a baby with a woman,roastme,
You look like 2 lesbians had a baby,roastme,
Congratulations on your multiple transitions🫶🏻,roastme,
The OP has not provided a BIO for their post.,roastme,
"Thank you for your post! It's currently awaiting approval. Please note the following rules:

- Ensure that your photograph is rotated the way you wish it to be displayed.
- Try to ensure that your eyes are open.
- Joke roasts (celebrities, babies, chickens, etc) will be removed.
- Pet roasts will be removed. Please submit these at /r/RoastMyPet.
- All photos MUST contain a hand written sign held by the roastee. 
- The minimum posting age is 18 years old, your post will be rejected if you look younger or if context clues lead us to conclude you are younger.
- Photographs with bystanders whose faces are visible or who are otherwise identifiable will be removed.


Please **DO NOT REPOST YOUR PHOTO** if it does not appear immediately. All posts must be manually approved, and we will get to it. 

Thanks!

~ /r/roastme mods


*I am a bot, and this action was performed automatically. Please [contact the moderators of this subreddit](/message/compose/?to=/r/RoastMe) if you have any questions or concerns.*",roastme,
"""extremely left leaning politically"" 

No need to tell us we already could tell from the pictures. Look like you'd glue yourself to the road in an anti oil protest ",roastme,
This post will self destruct,roastme,
You are the weakest link goodbye,roastme,
Its pretty good,roastme,
When was your last time back at the Shire ???,roastme,
"Laugh at the world all you want, just stop trying to put it on a plate.",roastme,
Dont do 33F,roastme,
You literally look like an East-German lesbo,roastme,
Slumdog ubernaire,roastme,
Add her to harry potter she can be umbridge's daughter,roastme,
Loved you in hand maids tale,roastme,
Justin Bebier if he was gay,roastme,
Billy is no longer innocent ,roastme,
![gif](giphy|dUHdTk3tvry9NETa67),roastme,
chicken little ,roastme,
"or burger king
",roastme,
"Smile, and the whole world smiles back... ",roastme,
"Your nose showed up in my feed 10 minutes before the rest of your pictures did !! Where I come from, with a nose that big, you would be labeled as an oxygen thief!",roastme,
I had to look twice when i saw 19 I for real thought you were 50 something and this isn’t even a roast ,roastme,
Where is the female?,roastme,
"I support trans rights, you go boy",roastme,
"who is this boy , or is it one of lgbtq",roastme,
Liam Neeson stars in Breaking Bad.,roastme,
Thought you were kirkin hittin my gherkin,roastme,
Imagine what his Uber car smells like.,roastme,
![gif](giphy|l0Erxd7h3atuXQtck),roastme,
"There’s worse things than being Indian. Pakistani I guess. Ok, one worse thing.",roastme,
Evidently knocked a decade or more off your age when you got smuggled in to the countryw,roastme,
![gif](giphy|1VApnOQzxrWfC4vfeG),roastme,
Hey youre cute😉,roastme,
you look like what i always imagined the real life doofenshmirtz would look like,roastme,
The only accident is allowing you to use a camera,roastme,
Images of mia khalifa before her plastic surgeries,roastme,
Sees nothing wrong having sex with dead men...,roastme,
Decided she was bi only to find that men and women both...absolutely don't want her.,roastme,
Ok Milton is time to put your phone down and go outside and touch some grass.,roastme,
KMart student..,roastme,
I can smell this picture ,roastme,
"You look like Ben from ""the ben hecks show""  by element 14.",roastme,
"South Asian Beavis

![gif](giphy|jz0kq61xNDFUGzYQFT)",roastme,
I mean… ?  -FTFY,roastme,
Don't insult the cassowary like that. ,roastme,
It's Eddie izzard! ,roastme,
"Dwight  
![gif](giphy|jp7jSyjNNz2ansuOS8)",roastme,
Your hair is your whole personality. Whoopdee-doo. ,roastme,
"That's alright, I can always date my alter ego ",roastme,
Not a fan of the leather. Otherwise nothing to exclude you if KPIs aligned ,roastme,
Dayum looking like Meg griffin😂😂😂 Shieet even quagmire wouldn’t want to sleep with you ,roastme,
also i can smell you through my monitor... :|,roastme,
"no mam this is not a scam i work for microsoft your internet has a virus, please go to target and get $500 worth of gift cards please mam, mother bitch",roastme,
Why are you so serious in your 20 ?,roastme,
recovery is possible&lt;3,roastme,
"Yes, we can all do better than you.  We’re all passing on dating you. ",roastme,
"how did you escape the ""hell"" you were made in?",roastme,
Female or them/they?,roastme,
Better than no nose? ,roastme,
🥔 🍠 Potato-nose ,roastme,
just smile cutie! ur awesome,roastme,
Na you have enough demons in your ass already ,roastme,
Got nothing to say. You all good bro. ,roastme,
"I'll roast you in a language you'll understand:

DO NOT REDEEM! DO NOT REDEEM!",roastme,
I’d hit tap that with my switch,roastme,
Release my computer! ,roastme,
I think reviewbrah from YT changed genders on us,roastme,
"Aw come on,

You have plenty of selfies to laugh at.",roastme,
Don’t scam me my friend!,roastme,
Open the Strait!,roastme,
Theres weight. ,roastme,
You look like an Indian who has a bachelor's degree in scamming ,roastme,
The joke is staring me straight in the eye everytime i see a picture of you.,roastme,
"Damn I dont know what to say, first female on here that doesnt have lip filler, that was usually the thung I would roast about",roastme,
That’s pretty good ,roastme,
You have a twohead.,roastme,
"Twenty on pump twelve

![gif](giphy|TOS8gBHBifK0)",roastme,
If you ordered Jarvis Cocker from Temu in 1990.,roastme,
It's generally hard when you're flaccid.,roastme,
The face of an angel. And that angel is Satan.,roastme,
Lookin like Ralph cifaretto ,roastme,
"You know those movies where the ""ugly"" girl takes off her glasses and suddenly becomes hot. It's a shame real life isn't like that huh",roastme,
Put up the best photos she could find and still cant hide that fat ass nose,roastme,
Please call your manager. ,roastme,
![gif](giphy|YOkVtQYKrP900bWdoC),roastme,
She wants a laugh but all she really needs to do is look in a mirror. She's just a walking joke in herself.,roastme,
The face of a dwarf on the body of a midget.  ,roastme,
So you have lots of black friends!,roastme,
![gif](giphy|fKwpeyXg2rBPa),roastme,
No one will bat an eye if you use the men's restroom. ,roastme,
"Seems to have gel his hair with someone’s cum-
Bro literally gel fixed it with real gel",roastme,
"That's a haircut that just screams, ""I wish I were white!""",roastme,
Just something else you’re wrong about. NBD,roastme,
your facials have a resemblance of an actual potato. ,roastme,
Where in Canada are you,roastme,
poor mans Mia Khalifa!,roastme,
Where’s the joke?,roastme,
I have the 50 rupees. Please give me my desktop back. ,roastme,
The correct response here would have been a r/whoosh back.,roastme,
If “I go to an affirming Church” was a person.,roastme,
![gif](giphy|JUejfjwiQ1gpR1dcix),roastme,
![gif](giphy|xTiTnh3xPm4npfcy1a),roastme,
"Katy Dairy

You look like you spend half of your income on hair dye. Just let it go grey already.",roastme,
Try what? Rogaine? Just For Men?,roastme,
![gif](giphy|3o85xCZgaUsKNSF4uQ),roastme,
All your friends at “ Vagina Hatsrz Anonymous “ support you ,roastme,
Are you cosplaying Dwight or Phyllis?,roastme,
“Send bob vegene” is this creep’s favourite message. ,roastme,
He's not only a client but the president of scrotum-hair transplant for men.,roastme,
You look like Zohran Mandamis gay twin brother ,roastme,
Sid from Ice Ages queer depressed cousin sad,roastme,
Those virgins won't be waiting for you,roastme,
19 going on 50.,roastme,
The unhappiest handjob experience. ,roastme,
"Brown Butt-head

",roastme,
Identity theft is not a joke AbandonBouquet,roastme,
Bollywouldnt ,roastme,
![gif](giphy|xT0BKhunZXlEsnpz7q),roastme,
"23????

![gif](giphy|10tuFEeuACAnuw)",roastme,
"Bro, I'm not even roasting. Your hair is too thin to pull off the look you're going for. If you trim it by, like, half an inch, it might work, but right now, it reminds me of a middle-aged man attempting a comb-over. Picture 1 looks like part of your skull is caved in, and the other 3 look like you're wearing a fragile helmet.

Have some standards for yourself and get a trim, for goodness sake! There's a grand difference between ""trying a new look"" and ""trying to make laziness look fashionable"".",roastme,
"That beard shape-up's not hiding your barely-existant, oddly-shaped, thin yet swollen soft jawline.",roastme,
I think you’re very close to buying a Subaru.,roastme,
My favorite thing is when people get butthurt on the roastme sub,roastme,
I really truly want to give you my worst but I'll get banned 😭,roastme,
Was it hard to not bobble that head whilst takING the picture,roastme,
Dweeb springs to mind,roastme,
Textbook STEMcel ,roastme,
I like your shirt... because it covers your saggy tits up.,roastme,
![gif](giphy|hsAJkbDnO8avm),roastme,
That southern baptist on Sunday hair ,roastme,
"Good for you lil guy , butt be careful what you wish for… ",roastme,
That'll work.  ,roastme,
Look like Dwight from the office... ,roastme,
Virgin for life 😌 ,roastme,
Racist loser with a face like that is crazy work,roastme,
I’m not buying any gift cards today. ,roastme,
Even the lesbians reject you 🌈 ,roastme,
No ones attracted at all,roastme,
You look like you can poke people with your pointy nose.,roastme,
"""he is the smartest guy on the football team!...  
which is kinda like being the tallest dwarf.""

(reference)",roastme,
Just turn around and pretend you like it. ,roastme,
The soft Nazi Harry Potter transition is a Nein out of 10 ,roastme,
A waste of space wasting money,roastme,
Your nose's hairline says 20s but your forehead's hairline says 40s,roastme,
You’re Patrick Batemans bastard,roastme,
![gif](giphy|rmP5zYFKiw33DbL5pK|downsized),roastme,
Do you want remote access to my PC?,roastme,
"I don't care if it's a rental or not, you've got to remove that wallpaper in the bathroom",roastme,
Ahaha. Sorry. You suck (is that mean enough?) ,roastme,
You look like sadness as a person and access to wifi ,roastme,
Is this bs why I’m still on hold?!?,roastme,
You owe my grandma $12k in amazon gift cards! ,roastme,
You'd be the perfect cast for a live action Shaggy on Fent,roastme,
Your haircut looks like it lost custody battle with a lawn mower. ,roastme,
"I've heard of twinks, otters and even bears but a Sloth Bear? Naw, you're a first.  

",roastme,
Holy shit you look like a half-elf,roastme,
Stop being nice.  This is a roast dammit!! Lol,roastme,
12th avenue and Main thank you,roastme,
I think my receding hairline is enough to put the fear of God into any man ,roastme,
"In some of these pics, you look like you have a posture of Victorian orphan waiting for bad news. ",roastme,
Was your head squeezed in a hydraulic press?,roastme,
I deadass thought you were Dwight Schrute apon first glance,roastme,
"Never nude

![gif](giphy|lw2fCXuxBmAVy)",roastme,
If at first you don't succeed...,roastme,
Hey. How’s your tight 5 for the open mic at the liberal arts conference? ,roastme,
"You look like you learned of the word ""metrosexual"" from the Oxford dictionary and then tried to make it a Pinterest comeback fad.",roastme,
"Gyat damn... That's a keeper. I don't mind borrowing from you, thanks.

![gif](giphy|IfS7dr23vPKX6)",roastme,
I was sorry to hear about it. He'll probably come out and tell his version of events as soon as he is able to. Those guys had a lot on their plate recently ,roastme,
"In the one photo you look like a 38 year old librarian.

That's your best photo. ",roastme,
People were insulting you for your hair? What hair?,roastme,
"Yeah looking closer,  you're not him. But at a quick glance,  I thought i was gonna read something about his boat accident.  ",roastme,
I swear I walked past you in NYC today,roastme,
Bull Terrier...,roastme,
Indoneedstostop,roastme,
And one he needed to learn desperately.. nta by any means.,AmItheAsshole,
"Yeah, I feel like the yta""s are glossing over this. He wasn't unconscious, he was just still tired cause he stayed up too late, snoozed the alarms and went back to sleep. Lesson (hopefully) learned. But with how the family is reacting, I doubt it.",AmItheAsshole,
"Yeah I’m not sure whats up with that, I think I’ll edit and change the sleep like the dead part, but still it seems like 2 seconds of effort to just walk in and say his name ",AmItheAsshole,
"ESH, but ultimately it was his responsibility to be on time for his test.

He’s a grown man who is accountable for his actions; he alone is to blame for missing his test. He’s a big boy, and needs to learn how to be responsible for himself. You had no obligation to wake him up. 

But you knew he was still asleep at 7:30, and was on the verge of missing his 8:00 appointment. He’s a grown man, and it’s not wrong for you to shrug and walk away. But you absolutely knew that he was probably going to miss it, even if he woke up immediately, and that’s kind of a d*ck move on your part. It honestly seems almost petty, like you’re trying to teach him a lesson. 

TL;DR: in the immortal words of The Dude: “You’re not wrong, Walter; you’re just an asshole.” But ultimately, it was never really your problem so ¯\_(ツ)_/¯ 
",AmItheAsshole,
Nta.. your brother needs to act like an responsible adult and get is act together ,AmItheAsshole,
Tell her yall are all already doing that but you're putting it in a trust fund to pay for the nursing home... Because she sure isn't living with any of y'all acting like that!,AmItheAsshole,
"You may want to ask them if something happened that caused the sudden change (to rule out anything extreme that you might want to get an adult involved for), but you aren't an asshole if you don't decide to take on the emotional burden of coaching them through it. ",AmItheAsshole,
"Just speaking from my own personal experience: if I were in their house, OP could knock on my door, I would convincingly shout, ""I'm up, I'm up"", and be 100% asleep still.

My husband sometimes tries to wake me up to take kiddo to school and do a breakfast date after, and some days I pop right up, and others he says it can take more than half an hour of dedicated ""wake wifey up"" attempts before I actually sit up.

I also struggle to sleep at all before 4 or 5am, and then don't fully wake until nearly noon. Most of the time, we just split my work schedule around family time to accommodate that, but sometimes it doesn't work for him or he wants some adult time together.

So purely from my experience, it could have been no effort or far too much, with no way for OP to predict accurately. And in the end, if brother actually cared, he'd have ensured his own success -- just like I do when I know in advance that I have to be up at the same time as the family or before.",AmItheAsshole,
She could come before the delivery. A couple of days before ,AmItheAsshole,
I think we found the brother.,AmItheAsshole,
"We dont know if he would have failed, he couldve taken a shower and chugged coffee and passed. We dont know cause it didnt happen, thats all hypotheticals ",AmItheAsshole,
"NTA. Good for you! 

Keep enjoying your own company. With the mindset that you can go anywhere and you don’t need to wait on someone else, you will always have a fulfilling life. ",AmItheAsshole,
"He’s got multiple alarms going off, which he managed to ignore. Why would a five second knock make any difference?",AmItheAsshole,
"Coz these are the types of people that always put their responsibilitiea on others. Fuck the brother and his lazy ways, this should be a lesson for him to sort his priorities out and not expect people around him to babysit him. I'm guessing he has a history of this why should OP be responsible for his shit. NTA ",AmItheAsshole,
"tell him to use it on himself. he knows you better than you do? red flags are blowing in hurricane force winds.

NTA ",AmItheAsshole,
"You should confront Mary and tell her to come clean to Noah, because staying quiet means letting him get lied to.",AmItheAsshole,
I don’t think missing one appointment is enough to judge someone’s overall maturity or driving ability. People mess up sometimes without it meaning that much.,AmItheAsshole,
He’s brother is a grown adult that can wake up on his own. Op is NTAH,AmItheAsshole,
"So I take it you’ve never stayed up late when you’ve had to wake up early and drive the next morning? 

And if your point isn’t about driving while sleep deprived, we don’t measure ability to drive based on overall responsibility. It’s like saying someone is too irresponsible to drive because they don’t fold their laundry. ",AmItheAsshole,
"ESH He's dumb for staying up that late, and he definitely should've planned better. But your heard the alarms not waking him so just going in there for 10 seconds should've been a no-brainer, as it would've cost you nothing. Everyone in the comments saying he was awake because he snoozed the alarms must've never had good sleep ever. It's very easy to snooze an alarm without actually having woken up to do it.",AmItheAsshole,
"Even if she lived in another country, she could come before the delivery to take care of her daughter and grandchildren. I'm am expat in a country with a majority of expats and most of them do this, they get the mother or mother in law to take care of them before delivery. ",AmItheAsshole,
"Sounds like the type to be always running late and being a complete asshole on the road to make a journey in 10 mins that should take 20 mins. Up everybody’s backside on the road, horn blasting, cutting people up. Yeah OP did the world a favour. If he can’t be responsible for setting an alarm and waking up then putting him behind the wheel of a car is just asking for trouble. ",AmItheAsshole,
"What do you mean impose consequences? Where is the imposition? The consequences are a natural result of brother's mistake. 

Just because you wrap your point in wording such as ""reeks"" doesn't make your point the correct one. In the same fashion, I could say your attitude reeks that of a wet blanket, without a spine or dignity.",AmItheAsshole,
"What is unhealthy is telling someone that you won't be responsible for them, having them ignore you because they believe you won't follow through, then proving them right. 

If the brother can be told to his face that OP isn't going to be responsible for him and still not take basic measures to be responsible for himself -- for example, placing the alarm far enough away that he can't snooze it -- then the brother needs a wake up call to get his act together. He needs consequences. A one month delay caused by his own laziness and refusal to believe that this time he has to be responsible for himself is exactly what he needs IMO. 

That's perfectly healthy. Now he knows OP means what they say. Now he knows he has to work out a way of getting himself up -- as he will have to in the adult world.",AmItheAsshole,
"I disagree, I think this is a perfect opportunity to impose consequences on him so he learns. Its not  the end of the world, the consequences are minimal, wait a month and try again, not a doctors  appointment or a major event. ",AmItheAsshole,
"Yup. I have had to drive after suddenly being extremely exhausted and I can vouch for how dangerous it could be. I had troubles focussing and concentrating on the road. The person next to me was over the alcohol limit and would've been a better driver tbh, even. Don't do your driving test while being exhausted",AmItheAsshole,
"YTA if you hadn't heard the alarms I wouldn't blame you for not checking and waking him up because it isn't your responsibility to wake him up. However you did notice he had slept in, you did hear the alarms, and you did know this was important to him. Yes it's ultimately his fault he missed the test, but you could have easily helped him and you chose not to do so. I don't understand that way of thinking at all. ",AmItheAsshole,
Thank you! This one annoys the hell out of me. People who also count stuff like dyslexia and Tourettes as 'mental disorders' like noooo they're not for goodness sake.,AmItheAsshole,
"It’s a mix really, it can be food, drinks, toiletries etc",AmItheAsshole,
Why should they have to? He’s 22 and if his driver license was important to them they’d have prioritised it. Why is their sibling accountable? Wasn’t their license?,AmItheAsshole,
"If he’s not mature enough to arrange his schedule to wake up on time for an important appointment, then he’s not mature enough to drive. NTA. ",AmItheAsshole,
"Welcome to /r/AmITheAsshole. Please view our [voting guide here](https://www.reddit.com/r/AmItheAsshole/wiki/faq#wiki_what.2019s_with_these_acronyms.3F_what_do_they_mean.3F), and remember to use **only one** judgement in your comment.

OP has offered the following explanation for why they think they might be the asshole:

 &gt; I feel like me ‘denying’ to help the friend would 100% be seen as an asshole move. Because who ‘doesn’t want their friends to become better’.

Help keep the sub engaging!

#Don’t downvote assholes!

Do upvote interesting posts!

 [Click Here For Our Rules](https://www.reddit.com/r/AmItheAsshole/about/rules) and [Click Here For Our FAQ](https://www.reddit.com/r/AmItheAsshole/wiki/faq)

##Subreddit Announcements

Follow the link above to learn more

---

*I am a bot, and this action was performed automatically. Please [contact the moderators of this subreddit](https://www.reddit.com/message/compose/?to=/r/AmItheAsshole) if you have any questions or concerns.*

*Contest mode is 1.5 hours long on this post.*",AmItheAsshole,
"NTA. all the people saying you’re at fault must not have siblings. it would have been nice of you to wake him up, but you were clear that you weren’t going to and it really just isn’t your responsibility. 

the deciding factor for me is that he stayed up late on purpose and then had the nerve to blame someone else because he slept in. that would be appropriate for a middle schooler, not a 22 yo. given he’s already failed one drivers test, i’m guessing this is a pattern for him. sounds like he needed this wake up call lol",AmItheAsshole,
"But see, that's my problem with the older one. He didn't ask. He told. It smells like entitlement. And if it's a common occurrence of the entitled sibling frequently imposing on the responsible one, then I'm pretty ok with forcing him to live and learn from the consequences of his own actions ",AmItheAsshole,
"^^^^AUTOMOD  **Thanks for posting! READ THIS COMMENT** - ***MAKE SURE TO CHECK ALL YOUR DMS***. **This comment is a copy of your post so readers can see the original text if your post is edited or removed. This comment is NOT accusing you of copying anything.**

Im just a normal teenager, living my life, im friends with a few of my classmates. My sister, call her M, her classroom is beside mine.So my friend, FN said she hated my sister's class mate, Rani cause Rani spreads rumors and shit and FN talks bad about Rani too, okay?
RecentlyFNZ has been asking me questions like, Why do u talk shit about me? like GURL I DO NOT?!
ANd on IG, there is a anonymous acc from our school who gets exposes and teas of the whole school students, okay? so me ajd my sister never got an expose but in expose7, my sister and i got exposed! There was twoparagraphs,
""M, please get real friends and stop talking about your sister and stop cring to your mommy like grow up and AUI (me) stop talking shit about your friends like i asked you why you talk shit about me and you were suspicious and tell your classmates to stop dancing infront of my classroom bitch.""
First, my sister has friends, their short names are: Fish, Football, Laina and saudah (not real names btw cause if her classmate finds my post, well..) and she is an introvert so she barely talks so why would she talk about me? and my mom barely knows shit and second, I do not talk shit about my classmates, we all are literally friends dude.But after reading, i realized Rani and FN gave the expose! so i immediately gave 12true exposeds  about each girls and on sunday, i told my close friend NH about this but she snitched on me and told FN who cornered me and twisted the whole thing and said oit was only Rani and she doesnt know shit. but i secretly logged into her other IG acc and went to her and rani's dms but saw them planning this whole thing. now i need to do EXTREME exposes of them cause this is ruining my perfect reputation. and Rani cant even speak out native language and FN has been expelled once so its find to give her exposes.

*I am a bot, and this action was performed automatically. Please [contact the moderators of this subreddit](/message/compose/?to=/r/AmItheAsshole) if you have any questions or concerns.*",AmItheAsshole,
NTA he shouldn’t be driving on that little sleep. He needs to grow up. ,AmItheAsshole,
Just because someone stepped up doesn’t mean they’re supposed to carry everything forever.,AmItheAsshole,
Out of curiosity what is she asking you to buy? ,AmItheAsshole,
"I think it's more important for op's brother to learn not to stay up until 3 if you have to get up the next day, it must not have been that important to him cause he didn't go to bed at a reasonable time. Plus he only has to wait a month to try again maybe next time he will take it more seriously.",AmItheAsshole,
"^^^^AUTOMOD  **Thanks for posting! READ THIS COMMENT** - ***MAKE SURE TO CHECK ALL YOUR DMS***. **This comment is a copy of your post so readers can see the original text if your post is edited or removed. This comment is NOT accusing you of copying anything.**

am I a bad friend? A friend of mine has recently started drinking, vaping, and sh-ing. All of those very loudly / noticeable to people. Before that they were like an angel-ish. Never once having had a sip of alcohol before. Now, with the bandaids on everyday, and reposting depressed tiktoks, people started to notice how they’re doing mentally. One classmate took me aside and told me that we’d need to help her and stuff because of the fact that the friend went from super energetic to drained and tired all the time. Only thing is that talking about mental health in that way triggered me kind of. I didn’t think it would but the fact that the classmate noticed and ‘cares’ so much, when I went through the exact same things for years with no one noticing, really hit and hurt me deeply. So I don’t think I’d even be in a position to ‘want’ to offer them help? If that makes sense. Like obviously I want my friend to get better but I don’t want them getting better / the help they need to be my problem, especially when they’re cutting me off from everything and being mean and un-empathetic towards me. Does that make me a bad friend? And how can I tell that classmate that I don’t want to talk / help about the friend’s mental issues.

*I am a bot, and this action was performed automatically. Please [contact the moderators of this subreddit](/message/compose/?to=/r/AmItheAsshole) if you have any questions or concerns.*",AmItheAsshole,
"NTA - ""he’s an adult and it wasn’t even my appointment"". There you go. ",AmItheAsshole,
"Sorry, but if you willingly let something happen without interference, you facilitated it 🤷🏽‍♂️ respectfully, in the real world, anyone who tries to play this jordan peterson angle will only cause a rift between their sibling.

",AmItheAsshole,
"I have a job and manage to function in society without a diagnosis. I do not need a diagnosis, I've been peer reviewed and that's enough for me. A formal diagnosis would make no functional difference in my life except I'd be like €1000 poorer for it, but thanks for your unwanted and ableist opinion.",AmItheAsshole,
"If the test was a priority for him, he would have gone to bed earlier. It’s not up to the sister to baby an adult male. ",AmItheAsshole,
And if he was too tired to get up he was definitly not fit to drive!,AmItheAsshole,
"I have 3 of them. All older like OP. If he isn’t responsible enough to get off his games then he isn’t responsible enough to hold a drivers license. The op is NOT the AH, their brother is a loser.",AmItheAsshole,
"NTA, it seems like you guys need to have a conversation about boundaries and what works for both of you.  Long term, you need a place not over taken by a bunch of random girls at your place for food and sex.  ",AmItheAsshole,
"NTA. To be fair, anyone would be a little bit disappointed if they walked into the house drunk, smelled freshly delivered pizza, saw an inviting stack of boxes in the kitchen, and were then told they couldn’t have any. But you’re overthinking this—you bought it for someone else and wouldn’t have enough if they took some, too, it’s perfectly understandable and doesn’t make you an AH. I don’t think roommate was an AH in this situation but sounds like he is with taking food generally. 

Also, the last line of your post was one of the funniest twists I’ve ever read on AITA, so thank you for that!",AmItheAsshole,
Doesn't matter. He's not their servant.,AmItheAsshole,
Ok grammar police,AmItheAsshole,
"NTA, you saved your from brother. He desperately needed that wake up call ",AmItheAsshole,
Thinking loyalty to a friend gets really messy once keeping their secret starts actively hurting somebody else.,AmItheAsshole,
Absolutely NTA,AmItheAsshole,
"NTA does your youngest niece know everything you’ve done and paid for for her older sisters? Or is your sister telling her a completely different story like she’s paying for all this stuff to make her look good? 
14 yr old could be thinking your an AH because your sister is bullshitting her or telling her you just don’t care about her and that’s why you won’t do it!!",AmItheAsshole,
"He should've. He didn't. A conversation should be had over how he can't keep accomodating his bad habits. Going about it the way OP did is unhealthy. 

&gt; The solution can't be a family member roped into the responsibility against their will.

Lets remember the favour was waking him up. Respectfully, I am struggling to take you seriously when you frame this as if it wasn't the most basic and easiest of favours.",AmItheAsshole,
"damn, you’re right 😅 ",AmItheAsshole,
"To be fair, he might’ve stayed up because he was stressed about the test and wouldn’t have been able to sleep if he tried. I’ve had a lot of nights like that before important events. 

He still shouldn’t be relying on OP to wake him up, but like you said it would’ve cost him nothing. ",AmItheAsshole,
"what kind of results was he expecting when he takes a test on so little sleep? why didn't someone else wake him if they heard the alarm?

NTA, don't join in the babying.",AmItheAsshole,
"YTA

  
YOur mom is right.",AmItheAsshole,
Youre the AH,AmItheAsshole,
I said it letting them know I’m not 40+ years older than they are saying “you kids nowadays”. I don’t think I insulted anyone… I may be wrong. I just read it back again and it still doesn’t sound insulting. Boomer is shortened for baby boomer and notes the generation. Same as every other generation… they all have a name. Maybe you could clarify how what I said was a bad thing? ,AmItheAsshole,
"NTA it's not like his alarms didn't go off, and he isn't your responsibility ",AmItheAsshole,
"If it were me I’d have barely slept the night before. I’d have been hypervigalant and been ready to go. He’s your big brother? Deal with that big bro, your siblings do NOT need to pacify you on your fk ups",AmItheAsshole,
The people saying OP is in the wrong are probably like the brother and were babied their whole lives. ,AmItheAsshole,
"NTA -- in what world is a 20yo an unpaid babysitter for a 22yo? If he cared that much, he should have been responsible. He can put his alarms across the room so he has to get out of bed to turn them off for next time.

But I mean, he heard the alarms too. He snoozed them. If he wasn't required to take action on his own alarms  why would you be?

I'm hard to wake up in the morning (light sleeper all night tho), and I don't like people waking me up, even if they heard my alarm, because I set one alarm 15 minutes before I need to be up, and another 5 minutes before, so I feel like I had enough time to finish my dream or veg for the first minute of the day. I also set an alarm for every minute for ten minutes before and at the time I actually need to be up when it's as important to me as your brother said this test was.

So, let's say I want to be up by 7:30, but must be out of bed by 7:45 to be on time.

First alarm is 7:15, next is 7:25. Then 7:30, 7:33 (sometimes the ""weird"" number jars me out of snoozing), 7:35, 7:36, 7:37, 7:38, 7:39, 7:40, every minute up to and including 7:45. 

I set my alarms on my phone, with 3 different ring tones so it doesn't blend into my dreams, and when I actually swing my legs out of bed, I cancel any remaining alarms.

Show your brother my plan, and tell him to figure out what works for him on his own, because it doesn't work for you to add 10 minutes of waking his butt up to your morning routine.",AmItheAsshole,
"YTA. You wouldn’t be if you were not awake at that time or he had not set alarms and was going to solely rely on you to wake up. But he took your advice and set the alarms which you heard and very reasonably could have knocked on his door to make sure he was awake. You clearly knew how important this test was to him, and you have a bit of a holier-than-thou tone which makes this come off kind of malicious. ",AmItheAsshole,
I agree with this take at some point you can’t outsource basic responsibility and still expect other people to clean it up for you. Choices have to land somewhere.,AmItheAsshole,
"NTA, dude knew he had obligations that morning but proceeded to hyuck and fuck around with friends til o' dark 30. Oh and let me check my notes.....*shuffles furiously*...

Oh yeah he is also a grown ass man. By the way the way the family is acting? We know who the fave is...🙄🙄🙄",AmItheAsshole,
"NTA and it sounds like there are an awful lot more things you should have said ""no"" to too.",AmItheAsshole,
"^^^^AUTOMOD  **Thanks for posting! READ THIS COMMENT** - ***MAKE SURE TO CHECK ALL YOUR DMS***. **This comment is a copy of your post so readers can see the original text if your post is edited or removed. This comment is NOT accusing you of copying anything.**

Still can't believe this happened honestly. 

I (32M) was up for a promotion at work. Found out later that 

a coworker — I'll call her Diane — was also being considered.



Over a few months weird stuff started happening. Anonymous 

complaints to my manager about my attitude. A project delay 

that somehow got blamed on me even though a vendor caused it. 

I got left off a meeting invite. Another anonymous complaint 

saying I took credit for someone else's work.



I felt paranoid but had no proof.



Then Diane accidentally added me to the wrong group chat. 

She removed me in seconds but I saw her telling a colleague 

that another complaint about me was coming and ""he won't see 

it coming."" Her colleague asked if it could backfire. Diane 

said ""it won't. it never does.""



I said nothing to Diane. I just started documenting 

everything — every email, every decision, timestamps, 

everything. Waited.



When the next complaint came in I walked into my manager's 

office with full documentation proving it was false. Then 

showed him the screenshot.



HR pulled the chat logs. Months of coordinated messages. 

Diane was fired. Her colleague got a formal warning.



I got the promotion.



A friend of mine thinks I should have confronted Diane privately 

first and given her a chance to stop. That going straight 

to HR was ""cold."" 



I don't regret what i did but her words stuck with me.

 AITA?

*I am a bot, and this action was performed automatically. Please [contact the moderators of this subreddit](/message/compose/?to=/r/AmItheAsshole) if you have any questions or concerns.*",AmItheAsshole,
"Its not about hatred, its about responsibility. He's 22 not 6, bro Fafo'd. You gotta wake up early, you don't stay up late. Also he heard him snoozing his alarms, you have to be somewhat awake to do that, it's obviously not a priority for his bro to get the license and he, hopefully, learned a valuable lesson. NTA",AmItheAsshole,
"It's only one month wait, it's not that big a deal. He's got to learn to take care of himself someday.

 And not everyone has the same relationship with their brothers as you do.",AmItheAsshole,
"Still not OP's problem.  

It's not unreasonable for her to assume that since he heard the alarm, evidenced by him snoozing it, he'd hear it again, wake tf up for his important driving test, and *get* up.  And if the mother knew it's a habit of his not to, *she* should have got up to get him up. He's not OP's kid, or responsibility.",AmItheAsshole,
I have to say I sympathise with the neighbour.  your tree roots can get under the foundations and the leaves get clogged in their gutters.  Please think about your neighbours before you plant trees close to someon else's house.  ,AmItheAsshole,
"NTA. He’s an adult now, and he needs to be responsible for himself. If he can’t plan ahead to go to bed early and wake up on his own, he’s not responsible enough to be driving. He needs to learn to take responsibility for himself and his actions or he’ll be 45 blaming his wife for not waking him up for work every day.",AmItheAsshole,
"Bro could have moved the alarm clock away from the bed so it couldn't be snoozed if he wanted to make sure he woke up. 

&gt;by **making him** miss a test

OP didn't ""make him"" miss anything. He was told that OP wouldn't be responsible. Ignoring that and assuming that OP will do it anyway because OP will somehow feel responsible regardless is exactly the kind of attitude that shouldn't be enabled.

The brother didn't even do the basics to try to be responsible for himself. He's twenty -- not nine.",AmItheAsshole,
"ESH as an adult he should be able to get himself up on time. At the same time you knew he had something important, saw he wasn’t awake, and actively chose to not help out when it would’ve  taken you 30 seconds at most. ",AmItheAsshole,
"Nah yeah nah, DEFINITELY NTA.

And I think you might need to set some boundaries with buddy and let him know you're cool with sharing but it'd be nice if he at least asked before just taking.  Especially if it's not explicitly stated he can ""feel free"" to grab something. 

Also the last sentence 🫡",AmItheAsshole,
 You remind me of the escape goat in family dynamics. It was clearly his responsibility for his test. And the fact that he’s older than you and still doesn’t have his license is lowk bum behavior. Not the asshole!,AmItheAsshole,
"nah you're not the asshole here. sounds like he overstepped big time, especially with your family involved. gotta set those boundaries or he’ll keep thinking he can just take whatever.",AmItheAsshole,
"My 2 cents here.  I’m a 76 year old mother, did all she did and more. Living off my retirement.  These children came to this world because she (or she and quiet hubby) wanted them.  They did not ask to be born.  If she’s in need, her spouse should be her support first.  Our children do not owe us a thing.  We brought them to this world.  It might be different if she was a widow with zero income.",AmItheAsshole,
"He's learnt a lesson early on in life, if something is important to you then it's up to YOU to prepare appropriately.

Everyone saying you should have woken him up are either this same kind of person or a single child - siblings do this stuff.

A month to wait for another driving test is nothing in the grand scheme of things.

My god Reddit has become the realm of teenage tantrums, I'm old.

NTA people here need to grow the fuck up.",AmItheAsshole,
"Same. I can snooze an alarm without ever truly attaining consciousness. (And as a sleepwalker, I can use a lot of other appliances in my sleep as well.) So I fully get that having an actual human who can escalate the wake-up if needed is necessary sometimes.

That said, *OP had already explicitly been asked and said no*. I don't hold sleepers responsible for shit they do while asleep, but the stuff they do while still awake is fair game. The brother should have arranged with somebody else to wake him or negotiated with OP until he received a yes. NTA.",AmItheAsshole,
Taking without asking isn't sharing it's stealing. His GF is definitely not entitled to your food. I personally do not share food. People take liberties.,AmItheAsshole,
"The brother was 100% aware he was supposed to get up because he kept snoozing the alarms. If my grown ass sibling couldn’t do something as simple as keeping themselves accountable for there own schedules i would be doing them a disservice by doing it myself, you can love your sibling and also want them to be responsible for their own selves.",AmItheAsshole,
"OP isn't responsible for their brother or his actions. The brother is responsible for himself.

And OP probably likes their brother and family, we don't know. But the brother needs to take some responsibility for his actions. He's an adult and shouldn't need to have his hand held to get up for an important event. ",AmItheAsshole,
Apparently difficult enough that alarms going off repeatedly for a solid hour plus wasn't getting it done. ,AmItheAsshole,
"Wow it surprises me that so many people saying not the asshole. I have a brother too. Do most people here not have a sibling? Sure it's not your responsibility especially since he's an adult but tell me was it really worth it to do this? Would being kind to your brother be too much for you to handle? It would take less than a minute to go in his room and yell ""hey dumbass wake up!"" He's your brother, you help your family especially if it's something that really wouldn't get in your way at all. I really hope this doesn't ruin your relationship with your brother..

 YTA
",AmItheAsshole,
"Good god NTA, you told him to put on alarms because you weren't going to wake him up, and that is exactly what you did. He's an adult who made a choice to snooze his alarms past his test. The only AH in this story is whoever thinks you are responsible for your adult brother.",AmItheAsshole,
I did. But you not answering is an answer in and of itself. You defended her on grounds of her sex. How unseemly ,AmItheAsshole,
"NTA, you are not your brothers keeper, if it was so important why didn’t anyone else wake him up, or better yet why couldn’t he stop snoozing his alarms. 

It was his choice to stay up until 3am and again his choice to snooze his alarms, he is obviously not responsible. ",AmItheAsshole,
The guy is 22,AmItheAsshole,
"If you baby someone for basic shit, you encourage that type of irresponsible behavior to continue.",AmItheAsshole,
"If this doesn't teach the brother any introspection, then he is just an entitled person, who refuses to learn from his mistakes. 

The brother already knew that he wouldn't get any help in the morning, so he should have found another solution. He needs to start living on his own, if he isn't able to be responsible at his age, that would force him to learn the basic things, like going to bed on time and waking up. ",AmItheAsshole,
"Considering his lack of personal responsibility, it's probably better he's not on the road.",AmItheAsshole,
"Maybe he was so stressed about his test that he wouldn’t have been able to sleep. When I have something important the next day, I often lay wide awake for hours with racing thoughts, and can’t fall asleep until I distract myself.

Why are people acting like the brother staying up late was a personal attack against OP? I’m sure we’ve all done it at some point. It would’ve taken OP no effort to just wake him up. ",AmItheAsshole,
"NTA. 

Your brother's sleeping habits are not your responsibility to manage. He had every opportunity to go to bed early, to set a later appointment knowing his issues, or to get up when his alarms went off. 

Also, what makes anyone think he would respond to a knock on the door any better than he responded to never-ending alarms next to his head? People that refuse to get up like this are not easy to wake and not kind to those who try. A knock on the door would've changed nothing, and unless you were willing to make yourself late for class and take verbal abuse from your brother, you weren't going to be able to get him up either. 

And if your mom thinks someone should have woken him, and it would've taken 10 seconds to do it, why didn't she? She equally didn't force him to get up, so she can point the finger back at herself. 

Don't feel bad, this was easily avoidable and he couldn't be bothered to avoid it. Perhaps the annoyance of having to wait another month will be a lesson to him. Probably not, but allowing him to blame others for his failings is a worse lesson, don't accept that narrative. ",AmItheAsshole,
Didn't realise my existence had such an impact on your life! ,AmItheAsshole,
"NAH. I think there are people out there who think ADHD and autism are behavioural issues or mental health issues. This then affects how they treat people with those conditions.

 I can understand someone being upset at anything that reinforces this perception. 

I have epilepsy, which is also a neurological condition. For some people it disrupts their lives so much that they have depression. If someone put books about epilepsy out under the banner of mental health, I would be offended. ",AmItheAsshole,
"I had to scroll waaaaaay too far for something like this comment. OP, this!",AmItheAsshole,
NTA…especially not at this age. If he was 13 and you were 20 then Yeah you’ll be the AH but not when both of you are adults,AmItheAsshole,
"&gt;He did in fact listen to you and set alarms. He slept through them anyway, and as a heavy sleeper that can sleep through anything I know how frustrating it is to take the right measures and still sleep through.

He's an adult. He should have gone to bed early to get a good rest to maximize the chance the alarms would wake him. If he genuinely can't be woken by the alarms (as opposed to choosing to snooze them indefinitely, thinking someone will be the one to ensure he eventually gets up) then he needs to find a solution that works (e.g. vibrating alarm, hard to turn off alarm, alarm kept away from the bed, etc).

The solution can't be a family member roped into the responsibility against their will. The lazy, self-indulgent person, who hasn't made a good faith effort to solve their own issue, doesn't get to unilaterally decide that one of his personal responsibilities is somehow now someone's else's.",AmItheAsshole,
With her investments she doesn't need your 300 per month. Try telling her you'll do it when your kids are adults. You still have education to pay for. ,AmItheAsshole,
"NTA. Your brother is a grown adult. If getting somewhere, literally anywhere, were a priority to him, he would make sure he got there. He would not be staying up playing games until 3am, and then wanting somebody else, literally anybody else, to be his mommy and get him out of bed. His driving is not your problem or responsibility. ",AmItheAsshole,
"ESH.

The brother is irresponsible to sleep that late and blame others for missing his test.

You are also an AH because it would have cost you nothing to help the guy, he's family and a hard knock on the door would not have cost you anything. 

the family also sucks for blaming you as if you are his baby sitter but at the same time i see their POV, would have cost so little help the guy, we dont choose who we are related to and sometimes they do stupid shit, but they are family. ",AmItheAsshole,
"NTA. 

He's a 22 year old adult. You explicitly told him you wouldn't be responsible for him before you went to bed. 

He said this test was important to him, but HE made the choice to stay up until 3am. He was then so tired he slept through his alarms. Had you woken him up, he would still be exhausted because he didn't get enough sleep, which would have made him a dangerous driver, and he likely wouldn't have passed again, anyway. ",AmItheAsshole,
"&gt; Tell everyone that you told him the night before that you weren’t going to be responsible for him

OP said “set an alarm because I won’t be responsible for you.” He did set an alarm. He set multiple alarms and slept through them. OP was already awake and heard the alarms going off, it would have taken him no effort to knock on the door and wake him up.",AmItheAsshole,
"sir, idk even know, i can’t even confront her about it, but i make jokes about him to her and just let her sit with it. its all i can do, my mom is narcissistic, realized that years ago. ",AmItheAsshole,
"NTA - complicated situation, my sister had to keep her ex-husband’s dog (I don’t know why she couldn’t take it to a shelter, but they were in the process of divorce for 5 years). Anyway, no one in that house loved that dog and it broke my heart. He started slowing down, then declining, then he was in pain and they didn’t do anything. That dog died alone, in pain, in the middle of the night, at the base of the steps when all his humans were upstairs asleep. 
That’s what dying of natural causes was like for Jasper. If I didn’t live 1,000 miles away, I would have taken that dog and loved him! 
It still breaks my heart what happened to him! Please don’t let that happen to your beloved family member!

We put our dog down when her quality of life declined, and she was no longer happy. She stopped wanting to eat and she was coughing all the time, it was horrible! It would have been more horrible to let her continue to suffer because we couldn’t say goodbye. That’s just god darned cruel. It sucked to say goodbye, it always does, but would you rather watch it die in pain and possibly alone? 

Good luck, I’m really sorry about your dog! Hugs! ",AmItheAsshole,
"If your brother wants to play game until super late, it's his responsability to wake up on time. NTA ! You would be an a* only if he had gone to bed early and ask you to make sur he is awake, but not the case here. The responsibility is his, and maybe your parents too, if they want to keep you accountable for your brother mistake !",AmItheAsshole,
"Tell her no.  

NTA",AmItheAsshole,
"This is not about blame, this is not about right or wrong. Op has clearly no responsiblity, nobody expects them to set their own alarm to wake up their brother.

But they literally stood in front of the brothers door and they made a concious choice of ignoring it to teach them a lesson and thats simply an asshole thing to do. 

It costs op nothing and helps their BROTHER, its not some random person. I personally like my family you know, so a net gain for my family is a net gain for me. With family like that you dont need enemies and I hope that op never needs to rely for anything on their family.",AmItheAsshole,
"NTA He's a gross asshole. And your mom's ok with being his side chick amd knowing he has other side chicks? Unless it's consensual non-monogamy, that's gross, too. He seems like a real winner. I say this as a 41 year old woman who used to be in a polycule. ",AmItheAsshole,
Especially if he was going to be driving a vehicle. You should be alert and awake for that. Not sleep deprived.,AmItheAsshole,
"When we were re-building our house, one of our neighbours actually asked if maybe we’d reconsider building the house. Because they’d got used to how open and light everything was on their side *when our original house was knocked down*.  

Um…no.",AmItheAsshole,
I do know 😭 why did she have to call him while I was there ,AmItheAsshole,
😭😅🤣 the most important part is that there are currently 3 kids living this house. that’s the fucked up part. he has no respect.,AmItheAsshole,
"NTA

He kept hitting the snooze alarm. That's on him.",AmItheAsshole,
"Like a lot of posts on r/AmItheAsshole, you're technically right but I would not have made the same decision as you. I feel like it would have cost you nothing to at least knock on his door on your way out of the house or whatever. I'm sure there's a lot of people that will say NTA, but I think you could have done with putting in a little effort, not because you had to or were obligated to, but because it would have been the nice thing to do.",AmItheAsshole,
"YTA, he was obviously stupid staying up so late and probably shouldn't be driving anyway after 4hrs sleep, but he did set his alarms but wasn't remembering his test.

He's your brother. If you wanted to be mean you could have thrown some cold water over him to wake him up, but you should have woken him up.",AmItheAsshole,
"22 year old adult should have put himself to bed earlier, so he didn't sleep through his alarms. 

Even if OP had've woken him up, and he made it on time, he would have been tired, which is a dangerous condition to drive in, so he probably woyld have failed anyway. ",AmItheAsshole,
"not the asshole at all. sounds like your roommate has some real nerve expecting to just take your food when you’ve got family waiting. it’s fair to stand your ground when it comes to sharing, especially when he’s been taking advantage of the situation.",AmItheAsshole,
"This. While it's ofc not OPs responsibility to wake up his brother and ofc the brother is the only one to blame for this situation, it literally costs nothing and doesnt hurt OP to wake up his brother. Especially when OP already realized that his brother is sleeping through his alarms. ESH",AmItheAsshole,
How many people you got living in that house??,AmItheAsshole,
"Yes, OP should tell exactly that to the family ! If he is not responsible enough to get up on time (especially when something matter to him), he is not responsible enough to drive, he would be a safety problem for other drivers !",AmItheAsshole,
he retaliating by not playing music while he fucks his side chick and we can hear all the noise he’s making with her. ,AmItheAsshole,
"we dont even know the gender of OP haha, How are you making this about gender ?

not everything in life is about male vs female crap",AmItheAsshole,
"YTA. He’s your brother, your mom was right.",AmItheAsshole,
"NTA Stick to your guns. Tell everyone that you told him the night before that you weren't going to be responsible for him, and you're telling them now. It is not your fault that he hasn't learned to manage himself as an adult should, and he won't even start learning if he is coddled and enabled into a perpetual adolescence. Even the attitude that you are somehow responsible for his lack of personal responsibility views you as the adult and him as a child. You aren't enabling that either.",AmItheAsshole,
"you're in a tough spot, but keeping this from Noah could make you look just as bad. if it were me, I’d probably talk to Mary first and tell her how sketchy this is before deciding whether to say anything to Noah. friendship and honesty matter, but so does not getting tangled in drama, you know?",AmItheAsshole,
"NTA and not the ATM. 

If you think she's redeemable make a list of expenses and show her how much exactly in a week you bought and didn't get cash back. 

But it'd be a red flag for me in terms of finances and cash security going forward FOREVER. Definitely separate accounts and stuff. It takes one idiotic thought to fuck up future. ",AmItheAsshole,
"i feel weird yk, and tbh, at this very moment him and his side chick aren’t playing music on purpose because I didn’t share the pizza so we now hear all the noise they have got going on",AmItheAsshole,
But he didn't sleep through the alarms. He was awake long enough to put them on snooze and go back to sleep. ,AmItheAsshole,
"yeah no, that's just cruel. maybe invest in some empathy instead.
",AmItheAsshole,
"NTA - But, it would have taken you 5 seconds to bang on his door and tell him to get up. You chose not to knowing how late he had gone to bed and because you couldn't be bothered. 

Not your responsibility, but I find it strange that you didn't. ",AmItheAsshole,
"Lmao 100%, this sub as usual proves redditors are out of touch as usual. May this brotherly love never find me",AmItheAsshole,
"&gt;We are Asians so it’s expected of us. 

This is not my culture, so my perspective does not include this as a normal concept, take it with that in mind.

Children do not owe anything to their parents. Parents choose to have children, they choose to take on the obligation to raise them, provide the basic necessities, and prepare them for adulthood. This is not something children need to repay.

As far as you are aware, she does not need the money.

It would be a hardship for you to give her this money.

You will be less able to set your own kids up for success and yourself up for retirement with this monthly financial drain.

You have no legal obligation to do this, and from where I sit no moral obligation. It's pretty abhorrent that your mom would demand this of you, especially if she is not financially struggling. I would think less of her for asking, especially given she isn't practicing what she preaches with her own parents.

NTA - do what's best for your children, who you have an obligation to care for. And what's best for your mom, which is not indulging in this entitlement.",AmItheAsshole,
no literally no good deed goes unpunished. you gave her an inch and she is actually trying to take a 20 hour mile.,AmItheAsshole,
"He said set alarms because I don't plan on waking you up.

So he *did*. 

If he couldn't wake up REGARDLESS, then...cmon. 

Theres actually nothing mature about letting a sibling miss an important test. ",AmItheAsshole,
"i really am, and i feel weird and bad that i did that, i love sharing, but when you abuse it, it’s draining, because they take too much. repeatedly ",AmItheAsshole,
"OP didn't 'punish' their brother. The brother knew he had an early driving test yet decided to stay up till 3am. Sure, no crime staying up late but the brother still knew he had an early start the next morning.

The brother was explicitly told by OP that they would not be waking brother up and that the brother needed to wake himself up and set alarms.

Then the brothers alarm did go off and he hit snooze. That's on the brother. 

The OP is not to blame in my opinion. The brother is old enough to be driving, they are old enough to be responsible for themselves and old enough to deal with the consequences of their actions. Or inactions in this case.",AmItheAsshole,
"“Oh no, your brother experienced the consequences of his own actions!”

Is your family on drugs? Of course you’re NTA, OP. Your brother probably shouldn’t be driving anyway, since his brain is still 7 years old. ",AmItheAsshole,
"Cause fuck that youngest kid, right? Why should the parents want to bond with a kid besides their first born?",AmItheAsshole,
"ESH. Mary's a cheater, and you're protecting her. It will hurt Noah even more when he figures it out himself. Either Mary should leave him now, or you need to tell Noah. This is not okay.",AmItheAsshole,
"it stated 5-6 years ago, i didn’t realize it til they started acting weird.. and its hasn’t changed, neither have changed. its a whole mess here. i’m trying hard to move out, but it’s horrible out here.",AmItheAsshole,
"He shouldn't have stayed up late. But that doesn't mean you take it upon yourself to ""teach him a lesson about personal accountability"" by making him miss a test and have him reschedule it.

This will not teach his brother introspection. It will just create conflict and its an unhealthy approach, period.

I wouldn't even treat a roommate like this, let alone a brother I grew up with for 2 decades.",AmItheAsshole,
NTA. Just take you dog to the vet and ignore your brother. No animal should suffer like this. I would get angry with him for making the dog suffer. ,AmItheAsshole,
With a village.,AmItheAsshole,
"he did, he said don’t expect me to wake you up because you’re not my responsibility. They’re both adults, though seemingly only one is a “grown” adult. The other an old child",AmItheAsshole,
"I’ll probably get downvoted but YTA. 

It would be one thing if you had to go out of your way to wake him up. You were already awake and heard all of his alarms going off, and thought about waking him up but didn’t out of spite. It would’ve taken you almost no effort and you knew the test was important to him. 

We’ve all slept through an alarm before and know how much it sucks to miss something important. We’ve all stayed up late distracted by something when we should’ve been sleeping. You act like him being irresponsible about his sleep is a personal attack against you. Your brother sucks but you suck more.",AmItheAsshole,
"My Mum did this a lot.  My reply was always, “No, but you’ll be a better parent.”  Still didn’t work, but I wasn’t about to let her dump that guilt on me.",AmItheAsshole,
NTA. Got no words for you. Just a fist bump and to say I understand how you feel and it is very valid.,AmItheAsshole,
"He was awake enough to snooze the alarm, he just chose to go back to sleep after that, which was his own choice",AmItheAsshole,
"NTA.

If an alarm doesn't wake him up, then your mother's suggestion of knocking on his door won't wake him up either.",AmItheAsshole,
"Right?! It's natural for trust to be modified by experience - over time either someone proves that they *can* be trusted, or they prove that they *can't*. 

Girlfriend is proving with her own (lack of) actions that she isn't trustworthy in this matter.",AmItheAsshole,
The coworker doesn't deserve to be preemptively marked as a trouble maker at work for things she hasn't done and for a situation that is not work related.  That's not fair or just at all.,AmItheAsshole,
NTA. It would be an entirely different story if she was struggling but making sure she has more *disposeable income* is not your job,AmItheAsshole,
"You’re an ass. He’s 22 and a grown adult. He needs to take responsibility for himself and his life. 

If having a license is important to him then he should have had an early night in preparation for his test, set his alarms early and got up had some breakfast and made sure he was fully awake and ready. 

In no way whatsoever is this on OP. ",AmItheAsshole,
And yet? They past their test because they took responsibility for it. Ops brother did not. ,AmItheAsshole,
"ESH, it’s not your job to wake your brother up but I sure wouldn’t let my brother miss something I knew was important to him when it doesn’t cost me any effort at all. I’ll always try to have his back, just like I know he has mine. I only get one brother.",AmItheAsshole,
"Yeah, we all know how well that worked out, don’t we?",AmItheAsshole,
"I have massive sleep problems, including both insomnia and sleeping through multiple alarms which has caused problems before, so I've asked people to check if I've woken up before. And I still think you're 100% NTA.

I'd never blame someone else for me missing an appointment. It's a kind favour he's not entitled to, he's an adult and you're not his parent. It's his responsibility, he'll have to find a way to make things work for him. What is he gonna do if you move out? Either he has to find a way to wake up on time or not schedule things in the morning.",AmItheAsshole,
People do that in half-awake states all the time. Its not always a fully conscious decision. Its more akin to a mistake.,AmItheAsshole,
"NTA. Been there, hardest decision, but you have to think of them not yourself (your brother in this case). Sorry 😢 ",AmItheAsshole,
"NTA

JFC are these ages accurate? By 22 I had already moved across the country twice, got married, and bought a house. Not saying that should be anyone's goal, but the perspective im looking at your brother from.

My parents also wanted me to parent my younger brother and pinned his screw ups on me. How did that work out? Hes mid 20s still living with them. No savings, no goals, not going to school. Thats what happens when you treat grown ass adults like children",AmItheAsshole,
"I'd say YTA. If I was Noah I'd appreciate knowing my fiancé is making sus moves BEFORE serious step like marriage happens. 

The girl sounds like bad company if she does such stuff. ",AmItheAsshole,
"ESH tbh. mary is straight up cheating and violating her fiance’s trust, which is a major red flag. but u keeping it a secret lowkey makes u complicit in the lie. i get u don't wanna lose a 5-year friendship, but protecting a cheater is a bad look. u gotta confront mary and tell her to come clean to noah, cuz staying quiet means u letting him get played",AmItheAsshole,
I would tell her to stop lying about her “reason” and ask why she needs $900 a month. She may have properties - but this sounds like she’s owing something major. ,AmItheAsshole,
"nah, you’re not the asshole. you paid for that pizza and it’s totally fair to save it for your family. sounds like your roommate is just used to taking advantage of the situation, so good on you for standing your ground.",AmItheAsshole,
"You can have a conversation about setting boundaries to lay down expectations moving forward.

THIS is not how you do that.",AmItheAsshole,
No the stuff she’s asking for is for her.,AmItheAsshole,
"YTA for being willing to laugh at people you love if they came to harm.  
NTA for refusing to drink it if you don't like the risk profile.

Former dairy farmer (goats and cattle) poking in-- ehh. The milk danger thing is a bit... over inflated.

It's pretty low risk from a single animal or two, especially one you deal with frequently and know their current health situation and have good sterilization procedures. The reason most larger than small scale producers \*NEED\* to pasteurize for safety is because they combine dozens-thousands of animals milk in tanks... one sick animal or failure to correctly sterilize one of hundreds of pieces of equipment can contaminate thousands (\~5-8000) of gallons of milk.

Roughly 700 people got food borne illnesses from raw milk a year, even though \~16.5 million (roughly 4.5% of us adults) drink raw milk annually (about half that number regularly).

I grew up drinking raw goat and cow milk regularly, farm and all (this was decades ago, no one thought much of it then.)  I've made just about every product you can make with raw goat and raw cow milk you can make.... and as far as I know, I have never gotten sick in 40+ years from it. I also live between two of the biggest amish communities in the US, they drink mostly unpasteurized raw milk, and it's very very rarely an issue. Shrug. The only time I ever got knowingly sick from milk, was pasteurized, but had gone over (suspect one of the kids took a drink from the jug.)  That makes quite a few people sick every year too and kills some as well.

Not trying to convince you to drink it, not trying to convince you to not drink it, everyone should do their own research, but trying to dispel some of the misconceptions people have about drinking raw milk, there is a LOT of fear mongering... to put it in perspective, the odds of getting struck by lightning in your lifetime (1 in \~15500) are about the same as getting salmonella/listeria/etc from raw milk per year of drinking it (1 in \~16000.)  In both cases, it's unlikely to happen.  Apply common sense of course, no babies, immune compromised, etc... (same as honey, live culture yogurt, under cooked eggs, etc.)

YMMV, but personally-- I would drink milk still warm from a cow/goat that appears healthy without hesitation. You couldn't pay me enough to drink from an unpasteurized milk tank at a commercial operation. I've milked cattle and had puss come out and tossed the result (we were a small operation), a large operation will not even notice and that goes right into the tank, and until it's processed, it can be pretty gross and dangerous... and more so the larger the operation gets (as long as the ppm of contaminates meets the standard, it can be processed and sold-- it's the liquid equivalent of the fda allowing a certain number of insect parts in various preserved solid foods.)",AmItheAsshole,
Wheeeee! Be safe! ,AmItheAsshole,
NTA  He FAFO. Who the hell games till stupid o'clock they before a test!? Knowing they can't wake up. He deserved to miss it.  ,AmItheAsshole,
Personal discretion,AmItheAsshole,
"NTA, the pizza wasn't for them, and it sounds like you're just tired of him acting entitled to your food.",AmItheAsshole,
"Maybe if they wipe down the nip on the goat before they start milking it, it will be cleaner. There are people out there that consume raw milk and dont get sick

Research how to do it safely and help your parents out",AmItheAsshole,
"NTA, but what's up with this messy sounding poly situation going on in your house",AmItheAsshole,
"INFO. My first reaction was n t an until I thought of one possibility.

Are you buying the groceries that she uses to cook for you most of the time? That is a different question. She needs to be honest that she doesn’t want to pay for the food AND cook it for you, and you need to be honest that you should be paying for food you eat.

If that is not the case, then you are n t a.

Your gf is intentionally manipulating you to pay for her groceries. This is not an oversight, a small detail, or a surprise.

She knows she owes you for all the times you asked and she failed to pay you in the past. She knows the amount is affecting your budget and ability to live within your means. She knows she is pocket g the money you spend on her food, AND she k owes she is spending it elsewhere and making no effort to pay you back.

You could probably look back at old messages and add up how much she owes you.

Personally, in your shoes, I would be rethinking the relationship. I can’t imagine wanting to entrust and build my life linked to a person who manipulates me to my detriment and their benefit.

But if you want to put more effort into trying to get her to do right by you, you could:

1. Tell her what her past non-payments add up to (rough, incomplete, but the bulk of it). Since she thinks it’s a small amount and that she intended to pay you (since she expected you to trust her to do that), she can pay up.

2. For all the same reasons, she can also give you $x in advance for the week. She has that small amount of money and can trust you to spend it on her grocery requests (up to the amount she paid you).

3. She can go to the trouble of shopping for you for the next several weeks.
Besides the money, it’s the time and trouble she keeps putting you to, on her behalf.
",AmItheAsshole,
"My husband and I visited Australia and randomly bought a red tube of Lucas’. We used it on a large pimple that was inflamed. 24 hr later the inflammation was gone. We bought six more tubes to take home. It has been amazing for every type of skin irritation. ‘Hon, try the red tube’ is a common sentence in our household. ",AmItheAsshole,
Why YTA instead of ESH if you think they're both asses? ,AmItheAsshole,
"Welcome to /r/AmITheAsshole. Please view our [voting guide here](https://www.reddit.com/r/AmItheAsshole/wiki/faq#wiki_what.2019s_with_these_acronyms.3F_what_do_they_mean.3F), and remember to use **only one** judgement in your comment.

OP has offered the following explanation for why they think they might be the asshole:

 &gt; Because id be breaking up a relationship where they’re engaged and our long term friendship and they would both be really mad at me

Help keep the sub engaging!

#Don’t downvote assholes!

Do upvote interesting posts!

 [Click Here For Our Rules](https://www.reddit.com/r/AmItheAsshole/about/rules) and [Click Here For Our FAQ](https://www.reddit.com/r/AmItheAsshole/wiki/faq)

##Subreddit Announcements

Follow the link above to learn more

---

*I am a bot, and this action was performed automatically. Please [contact the moderators of this subreddit](https://www.reddit.com/message/compose/?to=/r/AmItheAsshole) if you have any questions or concerns.*

*Contest mode is 1.5 hours long on this post.*",AmItheAsshole,
"ESH.

Should he play until 3am? Absolutely not.
Would it cost you anything to shake him awake once? Absolutely not.",AmItheAsshole,
Look op your nta but this could be a good thing so you can find out if your bio family had any medical diseases that could affect you,AmItheAsshole,
"My dad used to joke with my brother and me saying we owed him $500/month after he retired.


He did pass just a few weeks after retiring at 65, so we're not sure how much was truth and how much was joking.",AmItheAsshole,
"^^^^AUTOMOD  **Thanks for posting! READ THIS COMMENT** - ***MAKE SURE TO CHECK ALL YOUR DMS***. **This comment is a copy of your post so readers can see the original text if your post is edited or removed. This comment is NOT accusing you of copying anything.**

I (18 f) have been friends with my best friend,  Mary (fake name), for around 5 years since high school. She dated her ex, James (fake name), for about a year. She’s doing her makeup and says “let’s call James to see if my eyeliner is good, don’t tell Noah (finance?. fake name)” I thought it was a joke but turns out it wasn’t, She l called him for over 30 minutes?!

 here’s little things he has said that have set red flags of for me: calling her “sweetheart.” Asking “when are you coming over next?” Offering for her to go to his place, Saying they spoke in January. I’ve never been in a relationship but surely this is cheating or at the least infidelity right?

I love her but she’s done stuff like this in the past, she’s been with Noah for a year in around two weeks and was with James for longer than that. She told me that she’s thinking of breaking up with him but that still doesn’t make it ok right? I don’t want to ruin our friendship after so long she helped me through a lot. AITA for not telling him she’s talking to her ex.

*I am a bot, and this action was performed automatically. Please [contact the moderators of this subreddit](/message/compose/?to=/r/AmItheAsshole) if you have any questions or concerns.*",AmItheAsshole,
"I would go with YTA.

I mean of course he was irresponsible by staying up late if he has a test in the morning, but its not like he did anything that impacted you in any way and it would literally cost you 15 seconds of your time going into his bedroom and literally kicking him out of bed.

Like do you even like each other, I couldnt see myself being an ass like that to my siblings to teach them a honestly worthless lesson. Its just pointless honestly and screams of some built up resentment on your side.
",AmItheAsshole,
OP should tell her sister to stop complaining so much.,AmItheAsshole,
You are not your brothers keeper!,AmItheAsshole,
May you recieve the grace you give others. ,AmItheAsshole,
"Genuinely might have not. I sleep like the dead. I set 9 alarms 5 minute span when I'm about to have something important, sometimes waking up at the 5th one. I usually make a failsafe by asking someone to wake me/call me if it's possible.",AmItheAsshole,
NTA. He's an adult and should be responsible for things. I dated someone with this type of behavior and it results in being late for work and missing appointments and obligations. He needs to learn.,AmItheAsshole,
"I lived in Australia for some of my childhood and I’ll never not have a tub around now haha, stuff is a miracle worker! And like you say, excellent on burns",AmItheAsshole,
"Genuine question, why do you guys hate your siblings or other family members? Like how difficult was it to wake him up?",AmItheAsshole,
"YTA. You absolutely didn’t need to wake your brother up. That’s not your responsibility in the slightest. You would not have been the AH if you slept in or otherwise didn’t notice he was still asleep. However, since you \*were\* awake and \*did\* notice him sleeping through his alarms, the nice thing to have done would have been to take a couple of seconds to wake him up.",AmItheAsshole,
"A simple knock ""Yo brother this is one time only wake up call""",AmItheAsshole,
"Sounds like nobody taught your brother to be accountable for his own actions.  If he wanted to pass his test and be on time, then he would have gone to bed at a a decent hour so that he would get up on tome. 


You are the a or the enabler!  Your brother needs a dose of accountability, and hopefully next month, he gets up on his own accord.  Part of adulthood is getting up on your own and setting priorities.  



",AmItheAsshole,
"Not to mention brother had asked for help to make sure he’s awake. Then OP heard the alarms and saw no one, and still said “fuck em” and walked away",AmItheAsshole,
"^^^^AUTOMOD  **Thanks for posting! READ THIS COMMENT** - ***MAKE SURE TO CHECK ALL YOUR DMS***. **This comment is a copy of your post so readers can see the original text if your post is edited or removed. This comment is NOT accusing you of copying anything.**

Me and this friend (let’s call her Jane) was first introduced by a mutual friend. We weren’t close then. The next year, the mutual friend transferred to a different school and Jane and I ended up in the same class. She was the only person I knew so I stuck with her and became close friends. At that point I was still a very shy person who hard a hard time making friends. In my attempts to break out my shell I make a new friend, Amy. Amy and Jane don’t get along well. Part of the reason is because I became friends with her and hung out with her separately because Amy talked about private things she didn’t want others to hear. She drags me away from my friend group once or twice a week. Most of the time I want to but some times it’s my people pleasing self. Jane brings up how she always drags me away and trauma dumps because Amy believes that she can always count on me to vent if no one else is there. Jane always gives me the cold shoulder after Amy and I talk. I brought up how that I’m allowed to have my own friends and that I don’t belong to her. She straight up said “you do belong to me and you’re mine. I don’t want to share you with anyone.” I was flabbergasted and in shock she would say something like that. I told her I’m not and she took my tolerance as a joke. Jane also said that Amy is taking advantage of me and that I know it. Truth is I’ve been feeling like Amy thinks she’s above me for a while. But when we talk it’s nothing like that, we always hangout as equals. I’m not very perceptive when it comes to things like this, while Jane is. Jane has always been a good friend to me in all other aspects but the fact she takes advantage of my patience and dislikes when I make friends outside of our friend group. I don’t want to lose a friend to make a friend. What is the best path moving forward? 

*I am a bot, and this action was performed automatically. Please [contact the moderators of this subreddit](/message/compose/?to=/r/AmItheAsshole) if you have any questions or concerns.*",AmItheAsshole,
"Welcome to /r/AmITheAsshole. Please view our [voting guide here](https://www.reddit.com/r/AmItheAsshole/wiki/faq#wiki_what.2019s_with_these_acronyms.3F_what_do_they_mean.3F), and remember to use **only one** judgement in your comment.

OP has offered the following explanation for why they think they might be the asshole:

 &gt; Me raising my voice from my room saying the pizza was not up for up grabs. to be fair the walls to the entire home are hallow, you can hear every conversation, you can hear a person taking a piss down the hallway from my room. My room wall is connected to the kitchen so you can have a clear conversation. I could have let them take a couple of slices as there was maybe enough but I wasnt sure because my sisters kids eat a lot, and my family is always first. He’s always been cool, he’s shared before, has offered food and snacks. I guess I’m just second guessing myself, I could feel the vibe of the house change and it felt uncomfortable.

Help keep the sub engaging!

#Don’t downvote assholes!

Do upvote interesting posts!

 [Click Here For Our Rules](https://www.reddit.com/r/AmItheAsshole/about/rules) and [Click Here For Our FAQ](https://www.reddit.com/r/AmItheAsshole/wiki/faq)

##Subreddit Announcements

Follow the link above to learn more

---

*I am a bot, and this action was performed automatically. Please [contact the moderators of this subreddit](https://www.reddit.com/message/compose/?to=/r/AmItheAsshole) if you have any questions or concerns.*

*Contest mode is 1.5 hours long on this post.*",AmItheAsshole,
"You sound like a bot trying to farm karma, honestly just post something actually interesting if you want real engagement.

",confession,
"It’s unsettling to read, but the fact that you recognize it as wrong now and can reflect on it honestly is important. Human behavior, especially when young, can be complicated and sometimes disturbing",confession,
Posts like this are always heartbreaking because you can immediately tell how many people carried similar experiences for years thinking it was somehow normal or not serious enough to count.,confession,
Most people with addiction have some form of disability. I was lucky that I was told to be careful because I have adhd and autism I have an easier time becoming addicted to things so I never drank or do drugs. When I was 25 I realize I 100% have an addictive personality and it really hard because I can get addicted to random things and can't stop but it feel wrong to go to rehab for small random things.,confession,
"You have a purpose for being here. We can’t die until we’ve fulfilled that purpose. God does not make mistakes and trust me, He loves you so much ",confession,
Why would you hand it over. I would had said the same thing but when she ask for them I would just say no.,confession,
"I was with a group of 4 other moms and kids. A cassette tape ended up under a jacket. When I found it, everyone starts scrambling for their cars screaming to run. I went back in and explained what happened. The CS desk said she didn't know what to do. She'd never had someone come back in like that. I told her she needed to ring it up so I could pay for it. I told the other moms that we had kids we needed to set a good example for. This was not a self scan. ",confession,
Why are you blaming the literal child dude ,confession,
"Is that 10% of people, or people AFAB? 

I'm a guy so don't think my pelvic floor muscles would be able to be linked in a way to cause me to coregasm",confession,
Why didn't you get their footprints matched? That's what several of my cousins had to do - twins &amp; triplets run in their side of the family.,confession,
This should be the top comment.,confession,
"I’m so sorry you’re going through this! If you’re in the US, call the food stamp office and let them know that you have no food and a child. They can issue emergency food stamps.",confession,
Up until 9????,confession,
Yup you’re probably swinging for that side then. Wear condoms ,confession,
🤧🤧I will try find a way,confession,
You are awful and disgusting. By the sounds of it you need serious help dude. This is an insane point of view to have about someone’s suffering AS A CHILD AND TODDLER ,confession,
Is this Mike? I feel like this is my ex husband ,confession,
As in do squats after the pull ups? ,confession,
That’s incredibly sad. I wish having kids wasn’t as easy so maybe only functional people could have kids and not ruin them,confession,
Please don’t feel like a failure.  Hugs to you.,confession,
😂😂best thing is it’s free too ,confession,
"OP I’m not going to tell you “everything you’ve done is fine” but I am going to tell you that this woman clearly likes being around you and enjoys your company. Whether she’s into you sexually or not, only she knows, but it sounds like you have given her ample opportunity to cut ties, and every time she surprises you by not doing so.

If there have been times when she’s called you out on making “creepy” or sexual comments to her, then that shows you how she reacts when you cross a boundary. It’s not an absolute rule but usually people who are creeps don’t care if they’re coming across as creepy.

If you’re looking for advice I would say try to communicate more openly with her about how you feel. Encourage her to do the same. If she’s into you in that way, great - if not, then you have a much clearer idea of how your friendship will work out, and where to draw the line in future.

Good luck. ",confession,
&gt; Froze mid stroke (freestyle),confession,
I feel you both learned a valuable lesson and I hope you both see the funny side to this ,confession,
"I have had it happen to me when doing sit ups because again I’m squeezing my core, but I only mostly do pull ups. ",confession,
Move to the UK. You’ll be fine :),confession,
Go make your own post hun. You can do it ,confession,
"You’re not the first women lol. I’ve never actually orgasmed or anything but I definitely get the sensation when I do prone leg curls, sumo squats (just found that out yesterday lol), leg extensions. The only one that’s been consistent and I’ve ever felt it in is leg curls but it’s so exciting honestly finding new exercises that stimulates me. ",confession,
I will eat a spork next time. In a less dense darkness. ;) ,confession,
"For sure man, feel free to reach out if you need to.  Not having anyone makes things significantly harder.  You can get to alright though.  Just have to fight for that shit.  Doing nothing will get you nowhere.  So just find some help.  Peer pressure, peer pressure.  ",confession,
"Never been in an accident.

Seen plenty in my rear view mirror.",confession,
"Thank you. I still have a shred of hope left which is something that some dont, which im grateful for. Thank you ❤️",confession,
Whoever randomly finds that money is probably going to remember that moment for years,confession,
"Thank you for mentioning that; it seems you understand what it’s like and its definitely difficult to remember how to take care of yourself, or rather those thoughts just dont surface much or with any useful amount of clarity anyway. As they would compared to when mentally well of course.  :-) ",confession,
Facing inwards can work for me but mainly my palms are facing away.,confession,
"A very western mindset.

I am not justifying it however I am pointing out that it's reality for a some people especially in certain parts of the world. ",confession,
Should I tell him? I thought he would think I’m weird cause I never told anyone maybe I should. ,confession,
"First question is, what where you doing in her gallery? That's private",confession,
Yeah words matter here. “Fired” carries this personal failure feeling that doesn’t really fit a restructuring layoff at all.,confession,
“I was a total wreck” honestly helps more than the polished motivational stuff sometimes. Hearing from someone who genuinely spiraled and still ended up okay is reassuring.,confession,
"Exactly. It feels massive right now because it IS massive right now, but it’s still one chapter and not the whole story.",confession,
That's where you're wrong.  It's actually not the job of the government to feed others people's kids.,confession,
"Yep!!! I was ten when I found out I could do this, didn’t know what feeling was but I continue because of how good it feels. ",confession,
A sincere left lane apology is so rare people don’t even know how to react ,confession,
You made need some therapy. Not kidding ,confession,
The second you hit Michigan everyone suddenly drives like they’ve got somewhere life changing to be ,confession,
"Ok so if they didn't vote for the same candidate as you, it sounds like you would.  Sick that others aren't allowed to have a differing opinion.",confession,
A confession doesnt always mean a person is disturbed. The op claims this just... stopped. Meaning this WILL happen again in the future if op does not speak to someone ,confession,
The “apply for unemployment immediately” advice is so practical too because panic brain makes people freeze up and avoid the boring admin stuff that actually helps.,confession,
For real. Sometimes people need to hear that from someone else before it actually clicks.,confession,
Agreed. I dont have children but my sister does and i would fight with my life to keep those kids safe. Its disturbing this individual claims it just went away... which means this behavior definitely can come back if the op doesnt get help. I just worry about any children the op encounters again,confession,
Honestly this is an important distinction. Getting laid off during restructuring says way more about a company spreadsheet than it does about someone’s worth as a person.,confession,
Something tells me you’ve either been neglected a lot as a toddler or at a young age where you don’t have much memory to remember.  That or you’ve been in a very hostile environment and you’re seeking power of some sort since your parents always put the blame on you or abuse you with words or physically.  Just an observation from experiences with cousins.  But do get help and evaluate yourself why this aggressive behavior happened.,confession,
"This is a really powerful example of choosing distance over dysfunction and actually rebuilding your life instead of staying stuck in it. You didn’t just leave, you built something solid for yourself afterward, and that matters more than any family narrative about it.",confession,
"I never hit children but im autistic and would throw things on the floor a lot times it be glass and would break i had a violent history because my parents didnt understand what was happening. 


I now 19 have been to therapy and have medication and learned how to control my temper and urges. I get you do not feel like hurting children again but i suggest you talk to someone still. When i was little i had a moment where i just stopped doing it then it suddenly repeated again. You need help and this is coming from someone who was mentally declining without realizing it til i got help and medication.  


Again i never hurt children so i dont fully understand your compulsion. But a professional would. Please please seek help. These children dont deserve the evil wrath of your mental decline. 


I also look into crime cases which is why i actually got a lot help. In crime cases this is a similar pattern. i really hope you have talked to someone or will talk to someone. This will happen again if its not talked about because you haven't fully healed or helped yourself from your urges and impulses which you never know could lead to hurting more then just kids too. ",confession,
Welcome to.the real world.Sex is natural.and your parents are also humans.Grow up.All of us are the result of our parents having sex.There is nothing traumatic about it.,confession,
"How old were you when this started and ended? I would talk to a professional about it, so it doesn't end up resurfacing when you have children of your own.. or maybe your significant other. 
You could benefit A LOT by understanding where this originated and how it manifests. ",confession,
Karma is why I don't check pockets in anything I thrift until I get home 😂,confession,
Go to a local mosque they will help you anonymously. Do you have an Amazon wishlist yet? People can buy stuff from there and it’ll be delivered to you ,confession,
How old were you?,confession,
"Damn, well at least they were toy hammers and toy pans.

Just to clarify, the door you shut on the toddlers head, was that a toy door?",confession,
Some drivers treat a quick flash of headlights like a personal attack instead of a helpful hint,confession,
For real 😭 feels like everyone accidentally loaded into the hard mode version of the day.,confession,
"Man, I am so sorry you are going through this. You are definitely not a failure for hitting a rough patch, especially when the system is failing you like this. Keep your head up, you are doing your best for your kid and that honestly speaks volumes.

",confession,
"While not ideal, you can donate one time and your donation will be tossed. It takes two visits for them to start using your plasma. 


If you have more than one plasma company near you, you can even do one donation, wait a week or two, and then go to the second company. Admit you donated plasma along with the timeline and then if they ask you why you didn't continue, say you had a bad experience with the first company. 


Also, if you look up people's donor codes on r/plassing you can help someone get a bonus. Sometimes they are willing to split with you but it's basically free money so you should make sure someone gets it even if you don't benefit. ",confession,
"I hope everyone here understands, for most of human history, families shared one room mostly. ",confession,
"I’m in SoCal too and agree, anything that says 65mph is translated to 75+mph lol ",confession,
"When I had my daughter in 1983, they did not have mother-baby wristbands in my city. There was no chance of an error in my case. The nurse told me she was the only blonde in the hospital nursery. I also know they gave me the right baby because she was the only one screaming due to the heatwave. 
",confession,
That split second between being a good person and realizing you might die is way too real ,confession,
"Had my first ever massage on my honeymoon with my husband. Really nice place, filled out a form with preferences on pressure etc and they gave us disposable underwear. All going well but then they asked us to roll over to our front. I'm not comfortable with nudity around strangers so kept my arms over my breasts while I rolled thinking they'd then give me a towel. They didn't and I had to awkwardly ask for a towel to cover myself. Still not sure if it's normal to have exposed breasts in a full body massage or of they were going to cover me after I rolled?",confession,
Goodwill really out here acting like inflation hit donated clothes too,confession,
The fact you care this much means you’re not failing ,confession,
"Oh, certainly not - knowing that kind of stuff was definitely on there….which you know because you were the producer and the actor….and you didn’t do literally anything to figure out where to find something that says reset. Or have the people from the store where you just bought your new one do it. Open up that safari app. Ask several strangers. I mean, ANYTHING. Choosing to leave stuff like that on there in the first place is honestly disgusting, but to give it to your child’s boyfriend - or any child for that matter - is a different level. I’d run over it with multiple tanks before willingly handing something over with even one tiny shred of content even in the same realm as that of me on there. That would be both inappropriate af and mortifying in the most literal and significant sense of the word.

Then there’s being on OP’s position and I’m not exactly sure how I’d describe all of that, but most of the same adverbs and adjectives above would be included lol.",confession,
People are a lot stupider than you give them credit for.,confession,
Getting laid off really does feel weirdly grief like because one normal morning suddenly splits your life into a before  and  after with zero warning.,confession,
He doesnt really say that hes disturbed by it at all. Just sounds like a 'meh i used to do this' kind of confession. Its disturbing how he doesnt seem to be remorseful of it. ,confession,
i wish food banks were more accessible for single parents too,confession,
"Honestly, they probably would have been more concerned about scanning them correctly than your wallet.

",confession,
i felt pretty bad about it afterwards but at least its not stolen stuff,confession,
"Maybe you could try to have sex with your bf while planking. From what you described, planks should be really approximate to that pull up you're doing (isometric core exercise)",confession,
"Omg don’t confess omg no. This is NOT what he meant. Girl if you feel strongly you need to get some therapy first I beg of you. It’ll help you with this. 

It’ll be hard for him to tell the diff between you and mom cause fear of gambling rules him. If you tell him you selfishly take his ability to be confident in your lack of addiction to it, (drugs alcohol and gambling ) even though you’re very NOT ADDICTED to it 


Same goes for drugs. That substance is even used therapeutically and even if that’s not what you’re doing you use it so infrequently and *most importantly* non addicted 

You tell him and it’s for your conscience not for his happiness - that’s what I think. I think you need to work through the guilt you feel BEFORE you say anything - if you still think it’s a good idea and the best call FOR HIM after that! Sure.",confession,
i feel kinda bad for being so reckless and not trying to return them,confession,
i'm in similar situation with no cash flow from my 1099 gig,confession,
i'm struggling to keep up with my son's meals too sometimes,confession,
yeah i feel like a total idiot for not keeping quiet about it,confession,
I imagine most people just see you as lucky. Sounds delightful tbh. And unique. The older you get the more you will realize unique is amazing. Do you achiev3 orgasms other ways by the way? Or you you need to do crunches to get one?,confession,
"Yesssss, so true. I had a strange day too!",confession,
"Did they take footprints at the hospital when they were born? My cousin has identical twins, and she used to put clear fingernail polish on one the oldest ones big toe.",confession,
I got the same feeling when doing triceps pushdowns. My pelvic floor is contracting and it feels good,confession,
this does not read like the flex you think it does tbh. it reads like three people collectively making the worst possible decisions with the confidence of a group project where nobody studied,confession,
"When we are young we all do crazy things. Mine was mixing a lable of 2 sockets, exchanging a 120 volt with a 240 volt, this at a community centre. DK wha happened after or if anyone even used them! ",confession,
"Yes it’s been like it for a few days now, at least it has for my friends and family.",confession,
The fact you’re disturbed by it now shows growth and self-awareness.,confession,
"I’m sorry man, that’s so messed up ",confession,
"Yeah nothing wrong with being calm and easygoing, it does sound like you may not have been compatible. If you're both adults, what would she have needed your permission for anyway? It is possible that she wants someone that stands by her though. Life can be an onslaught, and it can help to have a partner willing to stand up for you when it gets hard.",confession,
"Fellow 20s/F here, and I’ve been having coregasms since I was five, when I first climbed the rope in gym class. My parents were probably so confused about why I suddenly wanted to spend all my time in the backyard on the rope attached to our playhouse 😂  
My innocent lil self lovingly called it the “vagina feeling” lmao",confession,
"If your main account meets the rules to be eligible to post, come see us on r/communitydonations. You can post an Amazon wishlist for help with groceries. Shoot us a message on mod mail if you have any questions. This burner account won’t qualify, but your main might, and we’d love to help you if we can!",confession,
"You'd feel less pressure / be less of the ""traffic"" you're stuck in if you didn't sit in the left lane?

Hilariously I'm a speed demon myself if the road is open enough for it, but if traffic is busy, I just pull a lane or two over and enjoy my Dungeon Crawler Carl audiobook.",confession,
"Pvt room?
For a proper, second shot? 
Or 
For cleanup?",confession,
"Please go to a Sikh temple, they always have meals for anyone who needs it ",confession,
That's so fucked up. As a parent to a toddler this made me wince. I hate this confession so much. ,confession,
"I’ve been claiming to have written a screen play about this for years. Called “living as him” about 2 twins who get swapped at birth and have to grow up as their identical twin brother. 

It always worries me how seriously people take me when I present it as an idea. In my mind, I’m clearly taking the piss, but people don’t seem to notice that. So maybe I’m way off when I say, “yeah. That really doesn’t matter”. ",confession,
"It should be illegal to do this on a Friday or at the end of the week 

You need time to regroup and remuster and sort your shit out. 

You have got this… go climb a hill… swim in cold water and eat vegetables this weekend! 

Rewrite you CV and tell yourself how fucking awesome you actuallly are and what a bag of dicks you old job is! 
Then Monday kick the shit out of finding a new job and make more money. 

Did you get redundancy? If you did- buy a new outfit and look fly for those interviews! 

",confession,
Was wdvrsvrzwrxrvcrswvrgrxrwx,confession,
"I’ve had similar thoughts about my late daughter. The last time we spoke she was hysterical, a few months into recovery, but she talked about how her mind never settled ( I believe she had a psychotic breakdown) because she was absolutely certain the DEA was coming for her. Told me it never let up, that even when she didn’t talk about her fears they just didn’t stop. It’s been haunting to contemplate, but after nine months of detoxing I believe she gave up. This is a club that nobody talks about, I’m sorry you’re included. Coming up on two miserable unending years of misery, I spend a majority of my time vacillating between thinking she couldn’t see a way out and knowing how fucking hard she tried , talking about how your sweet child’s mind brain was lying to her is poignant, I know my daughter’s mind betrayed her and finding a way out is all she wanted ",confession,
"&gt;In general I consider myself an extremely responsible driver

Sounds great

&gt;I genuinely did not know the left lane is meant for passing. I stay in it all the time. I am the problem.

not sounding so responsible 

&gt; I'm so sorry to my fellow drivers, please forgive me. I will do better in future.

at least you’ve owned up to it.

  


",confession,
The important thing is that you recognize it was wrong and you’re not that person anymore.,confession,
honestly the funniest part is that your moral compass activated so fast your brain didn’t even let greed get a single thought in first. like you accidentally speedran being a good person and immediately regretted it lmao,confession,
"Ugh, I feel this so hard.  Twenty-nine years is a serious accomplishment, and it sounds like this year is testing every single one of them.  Hang in there, maybe there's a light at the end of this particular tunnel!

",confession,
"That's a solid observation, and hopefully, this experience will help you find a cooler crowd.

",confession,
"Even if this is something you don't do anymore, you really need to talk to someone about it, a professional. 
This isn't a cop out, You seriously should talk to someone",confession,
That’s a bold strategy but now you’ve upgraded one awkward moment into a full disaster 😭,confession,
Was actually in church,confession,
"I would look to see if you have a local ""buy nothing"" Facebook group. Just make a post saying a little bit about your situation and that youre looking for food. In my experience there will be multiple people who would love to help you.",confession,
"I mean... it kinda sounds like you were giving ""faded lil sis energy""... but also... could they possibly have just been tryna go to bed? ",confession,
"My damp patch, my rules ",confession,
"Yea this is extremely worrying. Slamming toddler heads with toy hammers? Wtaf

Speak to someone IRL before this behaviour rears its ugly head again ",confession,
Some people need drama in their lives to feel alive. That type person is not a good match for you. Such a relationship would be toxic. The sooner you discover that you’re not a match the better.,confession,
"I had something similar happen to me a few years ago, I had an okay career and I was let go a couple weeks before Christmas and it really messed me up for abit. Not knowing what I was going to do with my life and thinking about how I was going to explain things to my wife and family it was a very tough few weeks! It seems almost insurmountable but things will get better! 
I took a job for less then I would of liked just to try and get me through and 2 years later I'm now doing a job i love with a career for life making more money then I thought I ever would. 
Its hard but try and put a positive spin on it, look at retraining in something else and think of it as a push to try something new. Good luck!",confession,
"""I started sucking on her tits"" they allow that at strip clubs? Interesting",confession,
"Can you go in person to your social services office and ask for an update on your application? 

I totally get the feeling of making the effort to apply to something and then just hearing nothing and wanting to give up. I’ve been there. 

Sometimes it helps to get an actual person in front of you who can look up your application. 

Where I live, California, there are also non-profits that will help you apply and follow-up with the process. 

This is hard and every little step probably feels like a huge one. You are capable, even if that doesn’t feel true. ",confession,
So a timid little virgin would have the balls to just suck on a strippers boob? Unlikely ,confession,
"Just to be clear, hiding in your step sisters wardrobe does not count",confession,
It depends on the goal usually you pull yourself up and hold it for time rather than just doing a single rep and calling it done 💪,confession,
Insert meme of Key doubts ,confession,
I dont know what state your in but they have free lunch programs in California    l parks also have them sometimes   ,confession,
"In a ""historical and evolutionary perspective,"" a lot of people also used to live near unprotected open sewers. The fact that we don't nowadays just means medicine has evolved to understand it's actually a health hazard, not that it was OK back in the olden days, and suddenly we got all very delicate.

You're just trying to justify your callousness towards a suffering person with bad science.",confession,
"Asking for help isnt being failing father. Your good man. Is there a grocery outlet anywhere your at.  Got us through last year will limited funds. Potatoes and eggs and ketchup are lifesaver.  Tortillas and cheese   sausage, hit up a church for help. God bless you and your boy bless will get out of this...",confession,
i wouldve lost my mind if i found some free money,confession,
Wasn't even cum,confession,
it's a start that you're acknowledging it and making an effort to change,confession,
Not a proper strip club,confession,
What’s that mean ,confession,
Hehe dm me if you want more of that ,confession,
Good doggg ;)),confession,
So your telling me you had a good time? ,confession,
She just jumped back and asked if I came and noticed it got on her skirt. She went to the bathroom and came back.  I gave her a tip to apologize and I left the strip club. She offered to take me to a private room but probably for extra $$$,confession,
This happened to me once when I was 11. During the 2008 recession my aunt and uncle moved in after losing their home. My 2 cousins and I shared my bed but my aunt and uncle also slept in my room in another bed for like a month. Once they woke me up and I could hear them doing it. I was disgusted and to this day sometimes I can’t think about sex without hearing their nasty sounds. Im a virgin but I’m scared that my first time I won’t enjoy it bc of them 🙃 ,confession,
You are far more than just a job.,confession,
"I did this as a kid lol didn't really understand it back then

I remember pulling myself up with my arms to a certain position and start pulling up my legs and letting them slowly fall down again",confession,
Wasn't even in a strip club,confession,
"1) Applying for food stamps: 1) submit application and verifications at the same time 2) Call the 1-800 number ask if they have everything they need…. Food stamps can be processed within 7 days if you have no savings… or up to 60 days… going in person can help speed up the process to

2) 211 for local resources 

3) Masstimes.org…. Find your local Catholic parish, call and ask for their St. Vincent de Paul Society

4) Little Free Food Pantries

5) Check your local facebook groups…

Those are my best tips… if you need help with low cost recipes, Budget Bytes, Dollar Tree Dinners, etc can help. 
",confession,
"Hey you misquoted and got angry, considering the CAPS.
I Just hoped to help pit things in historical and evolutionary perspective.
Sorry if this offends you (or anyone)",confession,
"Honestly yeah, it really feels like people learn more from near-misses than actual driving lessons 😅",confession,
It’s wild how a simple “wrong lane” reminder turns into a personal vendetta for some drivers 😭,confession,
wtf lol. Happens all the time.,confession,
"You're a loser and you like it lol
Bark for me lmao 😁",confession,
This is an award winner!,confession,
What was her reaction? ,confession,
"Definitely not, id say I came instead. It’s basically a compliment… wtf why would I tell her it’s piss?",confession,
PornBot account 🙄,confession,
I'm sorry but that cat would have to go after something like that lol,confession,
"C’est logique on peut avoir des périodes où il ne se passe rien et lorsque l’on trouve une partenaire excitante on se relâche beaucoup plus vite.. le corps humain est prévu pour se reproduire, pas pour tenir 1h comme dans les films..  
Tu auras des occasions de faire des préliminaires, d’y aller tranquillement avec une personne qui saura aussi y aller gentiment.  
Tu vivras certainement des aventures et tu deviendras un Jedi de la bite",confession,
"Damn I wish I was black man, no white girls want white guys nowadays",confession,
Because they were kids? ,confession,
"It definitely doesn’t help. It’s sexual abuse, extremely wrong and even illegal depending on where you are. It’s legitimately traumatising. I once accidentally walked in on my parents doing it and that alone was already disgusting enough. I can’t imagine how these poor people feel. ",confession,
"Me too! I had a maintenance dude come in while I was naked, 2hrs *after* my apartment inspection had already happened.

Friday the 15th, new superstition? 😂",confession,
"Man, that sounds like an absolute gut punch. It's completely valid to feel this way, especially when your identity gets so wrapped up in your work. Don't beat yourself up for feeling embarrassed, that's a tough situation and it's okay to let yourself feel it. Sending you good vibes for what's next.

",confession,
It’s unfortunately common depending on where you live. But it’s also sexual abuse and extremely morally wrong. ,confession,
What the actual fuck did I just read,confession,
You should have joined!,confession,
"If worse comes to worse, go to the hospital. They will feed your son and have a case worker assigned to help you get food. ",confession,
Horror. Children should absolutely not be subjected to such sexual behavior by adults especially repeatedly,confession,
To be fair it’s easy to misunderstand the comment. Especially since it’s text. ,confession,
"You're such a chump lol, wait till  you feel what its like when you put the tip in, your soul will probably go into another dimension lol ",confession,
"My previous boss loved to pull me in when I would say bye on the way out at 430 so I decided to stop saying bye. 

He kept an intern once until 7pm. It was not critical, he’s just a dick. ",confession,
"You weren't fired you were laid off.. sounds like it was budget issues. I am scared of that everyday.. 

Apply for unemployment asap, it will for sure help.",confession,
lol wait ten plus years. Trust me. ,confession,
Just as long as your pants weren't on your head at the time.,confession,
"You’re not alone. I accidentally discovered this when I was quite young, I was a pre-teen. Anyway, I discovered it the same way you did, doing a pull-up on the monkey bars in a park. ",confession,
"Yessir wish me luck on that journey 🫡

Hopefully yours wasn’t with a goat 😭  
If it was your hard drive gotta get checked ",confession,
Lolll what are you saying? Are you a chick? 😆,confession,
"German style. I had to get that in my left lane hogging partner when we drove through germany. Yes you're going fast dear, I know, but that beemer wants to go faster, move out of the way when you can and let him pass. Then you can come back to the left lane and resume overtaking one truck after the other. ",confession,
Definitely not an uncommon practice at all,confession,
"The other half is on you, big boy!",confession,
OMG. Sadly that doesn't shock me. I'm surprised the thrift store doesn't check the pockets better.  I was so naieve when I was a kid and thought they washed all the clohtes and stuff that came in. ,confession,
"This reminds me of a stupid mistake i made years ago. One day my bf and I went on a double date with my cousin and her husband. It was valentines day, and towards the end of the dinner, a waitress came over to our table saying that there was a secret admirer who was paying for the table and not to worry about the bill. We all started looking around to see if there was anyone we knew that was nice enough to do that. I was the only one acting super shocked while everyone else was more chill and my dumb ass told the waitress to confirm it was the right table. A few minutes later the owner came over to the table to apologize and confirmed that we will have to pay for the dinner and that they made a mistake. The check came out to over $200. The table hated me for the rest of the night. And i kept telling them that somehow the restaurant would’ve traced it back to us and we would’ve still had to pay in the end, but they were nottttt trying to hear it! But on the other hand, my bf just told me that the worst thing that could’ve happened is the waitress would’ve gotten in trouble…so now I feel a little relieved because what if she had lost her job? Sometimes its good to just be honest. But not in this case, everyone knows when thrifting that its finders keepers. That girl was just being a hater. Next time, try to hold in your excitement, lesson learned!! And you never know what you might find next time, God might bless you again with a better find. Try not to think about it!!",confession,
Sending you hugs. ❤️  ,confession,
Man discovers he’s a cuck ,confession,
Whats the confession?,confession,
"You're 20 yrs old, having this coregasm for a decade. So since you were 10yrs old you've had it. Hmmm?",confession,
Get better friends these type of people destroys your mental health. ,confession,
"I'm so sorry your family is so toxic. I'm glad you are free of them all, they day family is what you make it.  You've shed the hurtful people,  now you'll have room for the people who truly care and love you. God luck honey!",confession,
It’s really an awareness issue. I wasn’t taught it either and didn’t learn till I was like 25. Sometimes I’m tempted to get a bumper sticker that says the left lane is for passing only but I won’t do that.,confession,
Loll some ladies have their favorite toy and here you are with just a full pull up bar! 😂,confession,
Heads up this is a very common trope in romance books when the guy shoots off too early because he’s just so turned on. Sure no one wants that all the time but early in the relationship when things are super hot? Yeah knowing your partner is that turned on can make women feel great about themselves. It’s weird that she was irritated. What does it matter to her?,confession,
"Of course that's possible. My point is that once something is in the possession of the store, it's the shop's property. OP brought it to the employee's attention and wanting to split it. If OP didn't say anything and kept the cards, without buying the coat, that's a different situation. But here, maybe trying to do the right thing, but I'm sure that if the store owner found out, they wouldn't like it and may have fired her. Yes, the employee MAY have kept the cards, but there's no proof. 

I've worked with a variety of thrift stores and this stuff wouldn't be tolerated if the employee had gone along with it. ",confession,
"I haven’t read all the comments so this may have been mentioned,but chef Moe on tik tok does a ton of $5 meal videos. Literally can feed 4 for $5 and lots of different options to choose from. ",confession,
"www.findhelp.com   Put in your zip code and it returns all kids of resources grouped in “Food”, “Healthcare,” “Clothes,” etc. Everyone should know about this search engine!!",confession,
Every state has that unofficial autobahn lane where everyone silently agrees the speed limit is more of a suggestion.,confession,
That day I learned I have no game 😭 I didn’t know what to do with the woman ,confession,
New account 13 days old posting kink content with comments hidden you ain't fooling me 😂 ,confession,
Not the first and last time its happened to a stripper. I assume she was hot af and included touching,confession,
"This right here. Stretches hearty canned food with rice or pasta.

Also, Goggle paid for participation. There are sites that you complete personal information and they match you with studies and other participation events. They might pay you $10 for taking a 10 minute survey. A lot of things you can do online and don’t require you to go anywhere.",confession,
You will regret it coming from personal experience no matter what I think that last second you change your mind but it's to late that was the worst part about it for me,confession,
"Going no contact at 23 was hard, but it was the healthiest choice I made. Growing up in a toxic, controlling environment really affected me, but choosing independence slowly changed my life.",confession,
Maybe you have a point but we will never know .. Btw happy for him that atleast he got women touch from other side 😂,confession,
Nah this actually happened 😭 im happy to see this happened to other ppl because I can’t tell anyone in real life. ,confession,
I woulda been happy if she sucked me dry instead of my wallet ,confession,
Never met a Mormon congregation who helped anyone who wasn’t Mormon.,confession,
Hmmm interesting...Is this the real life?,unpopularopinion,
Sir you'd be well to do and certainly informed to know that Adam Sandler is a very handsome man. He also likes IHOP and therefore knows his pancakes.,unpopularopinion,
"Funny because in many Asian cultures they say drinking cold drinks is bad for you. My friends mother was visiting from Iran she would constantly  tell me not to drink cold ice drinks because it was bad for me (I love Ice in my drinks) and when I got sick or a migraine she would follow me around forcing me to drink warm or hot water. I was surprise because it helped, especially with the migraines and my horse throat. I'll still like my icy drinks though..   ",unpopularopinion,
Until they ask where your friends are and you say I'm alone.,unpopularopinion,
You're meant to dance?,unpopularopinion,
"2 comments... 

You are an idiot!!! 

You are probably right. ",unpopularopinion,
Start dancing,unpopularopinion,
coke tastes like crap without some ice to lighten it up. most soda does! ,unpopularopinion,
I loved it until I lived in Europe and got used to not having it. When I came back to the US I hated it. ,unpopularopinion,
37°C and 70%+ humidity at nighttime where I live these days. Ice goes in every drink.,unpopularopinion,
"What do you think the outcome is when you “put the pricks in place” and “protect assholes”, then? Is an asshole someone who cuts you off in traffic, someone who is rude, someone who commits crime or someone with narcissistic tendencies? I’m genuinely curious about what you mean will be solved by telling them off. ",unpopularopinion,
"Don't click it then. It's a title. I'm trying to keep it short. Also I hardly post, so I'm so so sorry for not getting the memo. ",unpopularopinion,
Saw Mayhem last month and it was one of the best shows I've ever seen in my life,unpopularopinion,
"Absolutely. Normalising pain as an overreaction is insane to me. People doing vile stuff and then telling u not to hold a grudge is evil to me. 

",unpopularopinion,
Caught bedbugs at my old college apartment 12 years ago. I'm STILL so scarred from it that I keep many house could items that I store in plastic air tight bins. Helped me embrace minimalism for sure.,unpopularopinion,
"I don't ""overestimate my ability"", this isn't about me even. You really missed the entire point of my comment....",unpopularopinion,
Put the opinion in the title bro. Nobody likes clickbait.,unpopularopinion,
"Silverfish are endemic where I live, they crawl in through plumbing, etc. We do keep everything cleand and dry, but to no avail.


We also see its cousins, the grey silverfish and ghost silverfish...",unpopularopinion,
"Insect Hierarchy: 

Spiders are house guests in my home. 
A bee gets carefully led back out, same as a gecko. 
A water beetle (common in Texas) gets a pass, as long as he doesn't bring a guest (he'll typically find his way back out).
If a praying mantis makes it's way in (I hatch them in the garden) he gets to hang for awhile before being deposited back in the roses.
Ants are immediately attacked (too many sweets in the house). 
First sign of a roach and it's scorched earth... 
and if I see even a hint of a rat or a mouse, operation APOCALYPSE NOW.",unpopularopinion,
"Its good for chewing on. Drink the beverage fast and then chew the ice as a little reward.

That is until one accidentally slips down your throat and you have to swallow a full sized ice cube. Happened to me more than once.",unpopularopinion,
Skill issue? ,unpopularopinion,
"NFL Blitz, NBA Jam, WCW/NWO Revenge, WWF No Mercy

sports video game wise, we ate way better back then.

today, I consider them to be the worst, second to gacha/mobileslop garbage.",unpopularopinion,
"Clint Eastwood, plus he loves to take this shirt off",unpopularopinion,
It’s still great. ,unpopularopinion,
I've had warm refill drinks before.,unpopularopinion,
"People only ever review things they loved or hated, it's always the problem with reviews.. noone be giving 3 stars",unpopularopinion,
Absolutely. I’m disgusted by people who put themselves in their books/movies. ,unpopularopinion,
I’m not saying people should keep their hurts a secret. I’m saying that your mindset of “oh they will sit with what they’ve done” is not something that will happen and that you should process your hurt instead of wasting energy on calling people out. You can talk to others about it and process it in other ways. ,unpopularopinion,
Wonderfully said OP.,unpopularopinion,
"Hence why it's an unpopular opinion. I'm tired of inflated ratings. I get to the place, see that it was rated highly because of the aesthetic and the food is just mediocre. I don't need the place to look amazing if I just want to grab a quick bite, I just need the food to taste good and the place to be clean. And you should check Tablog, that's actually how they rate places in Japan, 3 stars is neutral. ",unpopularopinion,
"Well most writers do that in their first works.. Winston Churchill infamously wrote his first and only novel about himself and later discouraged everyone to read it.

[https://en.wikipedia.org/wiki/Savrola](https://en.wikipedia.org/wiki/Savrola)",unpopularopinion,
Theyre good in the summer for when you need a blanket that won't make you sweat. And if you have ac then you'd be correct its a completely unnecessary item to own.,unpopularopinion,
Try that in a tropical country,unpopularopinion,
"I see your point but I really think you overestimate your ability to “put the pricks in place”. You talk like telling someone off changes their behavior or make them realize what they’ve done and make them feel bad. If the goal is to put them in place, you simply won’t succeed most of the time and it will only make you stuck in your emotion. 

I had a best friend that was very shitty to me. She would find ways to put me down constantly and I snapped one day, telling her off. She simply laughed at me and just continued telling me why I was not in a place to tell her off because of this and because of that. I carried a lot of anger and thought that god if I ever met this girl again I would yell at her. Do you think it served me any purpose whatsoever to feel this way? No, because she didn’t give a rats ass and she would never ever change no matter what I told her. ",unpopularopinion,
I don’t like it either. I don’t know why anyone likes it but different strokes for different folks ,unpopularopinion,
I dont have a traditional dresser or closet so this is what I do with my socks and underwear. One pillow case holds my socks and the other holds my underwear. Helps so I dont have to sift around socks to find underwear or vice versa. I usually just ball up my sheets and toss them on the top shelf. Everything else is folded in a neat pile.,unpopularopinion,
"If it helps, the last time I said I love you must have been in 2009. At this point, I'm uncomfortable saying it. Just doing my part.",unpopularopinion,
Hey everybody Evelyn Bankhead doesn't want to be me! I'm probably a loser. ,unpopularopinion,
"I think I get where you’re coming from, you don’t kill bugs when they’re outside where they belong, only the ones that enter your house which is not outside.",unpopularopinion,
"Please remember what subreddit you are in, this is unpopular opinion. We want civil and unpopular takes and discussion. Any uncivil and ToS violating comments will be removed and subject to a ban. Have a nice day! Additionally, all posts held by automod for review now (incorrectly) display a red “removed by moderators” label. Please note that unless your post receives a reply from mods indicating removal and it's specifying the reason, it is likely still in the queue and awaiting approval. 


*I am a bot, and this action was performed automatically. Please [contact the moderators of this subreddit](/message/compose/?to=/r/unpopularopinion) if you have any questions or concerns.*",unpopularopinion,
I think it's too much liability. They are trying to make everything accident free so they don't get sued. ,unpopularopinion,
You really hurt me there Billy ,unpopularopinion,
"Its a tough ask to get society to adapt a scoring system you'd rather see. The truth of the matter is that when people look tonsee wyere to eat, they'll often skip over places lower than a 4.3, 4.2... blindly going into a 3.9? Unlikely. 


So when you hit it with a 4, you're scoring it below your own threshold. Normally.",unpopularopinion,
Exactly the movie I was thinking of while reading this post. And it’s a shame because the film is otherwise great. ,unpopularopinion,
Which question????!!!! ,unpopularopinion,
I like this post. 5-star! Would read again! ,unpopularopinion,
"We, humans, have yet to make official deals with insects. So, legally speaking you got nothing. You only have made deals with humans.

You also give me massive mc personality. ",unpopularopinion,
I’m glad I’m not you,unpopularopinion,
I'm such a hater I reported this post ,unpopularopinion,
Not until you tell me how much a library card costs,unpopularopinion,
"Are flies that gross? I have a very clean house, but I live on a farm. We get flies outside because there is manure in the fields. I usually keep the kitchen door open for awhile to let fresh air in while the dogs go out in the mornings, and as a result we have a few flies that come in. We also get bees that come in. I just shoo the bees back outside and kill the flies. 🤷🏻‍♀️",unpopularopinion,
"Please remember what subreddit you are in, this is unpopular opinion. We want civil and unpopular takes and discussion. Any uncivil and ToS violating comments will be removed and subject to a ban. Have a nice day! Additionally, all posts held by automod for review now (incorrectly) display a red “removed by moderators” label. Please note that unless your post receives a reply from mods indicating removal and it's specifying the reason, it is likely still in the queue and awaiting approval. 


*I am a bot, and this action was performed automatically. Please [contact the moderators of this subreddit](/message/compose/?to=/r/unpopularopinion) if you have any questions or concerns.*",unpopularopinion,
"“Violate my boundaries?” 

Is this tongue in cheek or are you really that dramatic? ",unpopularopinion,
"You are right, they are basically the apex predators of annoying bugs. I just cannot overcome the nightmare fuel. It took me this long getting used to 8 legs.",unpopularopinion,
"This this this! Its one thing to enjoy low communication and like alone time, and another  to completely reject social interactions. That's anti-social behavior which yes is bad for us. We're social creatures. Being happy and healthy takes work. Its easy to fall into comfort of being alone, not going out of your comfort zone but its unhealthy for us. ",unpopularopinion,
"That’s definitely not me, and yet I’ve gone to festivals alone and made friends there

You just gotta act confident, be nice, and be a little lucky ",unpopularopinion,
"Do you really think bugs have the mental capacity to understand concepts like buildings and trespassing? At best they'd think 'these big square trees are very unusual'. The bugs did nothing wrong, you don't need to kill them for existing when there are other options.",unpopularopinion,
"Your submission has been removed as the title has less than 3 words in it, and therefore likely breaks rule 1. Feel free to repost this ensuring that you state an opinion in your title. 

*I am a bot, and this action was performed automatically. Please [contact the moderators of this subreddit](/message/compose/?to=/r/unpopularopinion) if you have any questions or concerns.*",unpopularopinion,
I had a wasp join me in the kitchen once. Neither of us wanted to be roommates. ,unpopularopinion,
"I fully agree. Im introverted, so trust me I love my alone time, I GET IT, most social interactions drain me, but these posts sound more like depression than introversion. Reddit is more and more promoting a lifestyle that is very unhealthy for the sake of comfort. 

Yes, you don't have to do everything you dislike but a part of living is experiencing discomfort. Some discomfort is good for you. Im not saying go hang out with people with who it feels like a struggle, or if you're too tired. Try to find someone who is more like you, who it won't feel like a struggle. I struggle to hang out with most people, every sentence feels like a struggle, just like OP described, but that's because me and those people are not in sync, we don't get along. With the few of the friends I have (3) it's always a joy to talk to them.",unpopularopinion,
"The bugs could just not invade my living space. There are trillions of critters out there, I will not put up with the specific ones that violate my boundaries - regardless of their intent.",unpopularopinion,
"I have an unspoken agreement with the spiders in our house - if they stay out of sight from my wife they’re golden, if she sees them … not so much.",unpopularopinion,
"Almost all of my hang outs are just talking a walk, talking, dropping by a store. Its so relaxing and fun. ",unpopularopinion,
This is me exactly and I feel just like OP. I didn’t realize I was an introvert because I always had a network of friends. Then Covid hit and I didn’t have to see anyone for 2 years. It was the best 2 years of my life. ,unpopularopinion,
Nope. Please answer the question I asked you.,unpopularopinion,
Exactly how it should be used. Just calling yourself out in a light hearted way. ,unpopularopinion,
Are you a theologian? Lol ,unpopularopinion,
"Maybe? A lot of my ""friendships"" felt like work until I found a few people I actually really got along with as I'm pretty introverted. But hey if you are happier that way then you do you, we're all different. ",unpopularopinion,
"haha ""wtf is up with Thiccy\_Driftyy"" they use their reddit handle",unpopularopinion,
"yes, we were comparing being required to touch someone with being required to just make a movement.",unpopularopinion,
"Silverfish means you've got something damp. Rollie pollies means you've got some decaying wood. 

Most spiders (at least where I live) mean you've got a friendly fly annihilator. I'm cool with most spiders but we did have one a while back that had audible footsteps. What the fuck?
",unpopularopinion,
![gif](giphy|bCDzFTSQ3JL8c),unpopularopinion,
"That's called being an extrovert. Socializing recharges you when you're tired. But some people are introverts. I am not quite as antisocial as OP, but socializing does drain me. I still like it. But it drains my energy. So when I'm already drained after work, if I'm tired, the last thing I want is people around me. Leave me alone, I'm a comatose zombie, I want to just collapse into my bed and read or watch some TV show. In weekends, when I have a bit more energy and I'm a bit more recharged, we can meet to hang out. 

People just work different and are wired different.
",unpopularopinion,
The question I asked you multiple times. What are you struggling with?,unpopularopinion,
You think people buy library cards?,unpopularopinion,
"I won’t let myself be pressured into this ‘if you don’t reply within x time, you obviously don’t care about me’ bullshit. All my friends know it can take me a while to respond to texts and they’re fine with it. I also warn new contacts about this, so they know it’s nothing personal. ",unpopularopinion,
"It is best for society that your loved ones die in a fire, yes.",unpopularopinion,
"house centipedes hunt and kill most of the other things you don’t like.  Best to leave them alone, even if they are visual nightmare fuel ",unpopularopinion,
I love working 2 2 3. ,unpopularopinion,
"You could just open the window, or use a cup to carry them out. The bugs have no malicious intent, so why should you?",unpopularopinion,
"I mean a kiss is fine, anything more than that then you start to wonder if there's more than one reason they cast them. Eh ehm, Quinton Tartino licking Selma Hayek feet.",unpopularopinion,
"This is true, even after becoming a completely comfortable at being at restaurants/bars/clubs by myself, I still feel awkward and out of place if I go do a new activity by myself, like a dance class or a hiking club for example.

You have to push through and eventually it will feel like popping to the grocery store.

Don't need to do an all nighter either, start with 1 hour, then 2 and keep pushing. Order a couple of non-alcoholic cocktails if you don't drink, they can be really good. Use your phone to pass time, nothing wrong with it, but have moments where you are present in the room.",unpopularopinion,
"Thinking cynically, beautiful women help get people to watch a film. People tune in for Margot Robbie etc. and then she’s falling an average guy that looks like me? Yeah I’d watch that! 

It’s all about the fantasy, movies aren’t real life. ",unpopularopinion,
That's what I say to the spider before fetching the fly swatter and a napkin.,unpopularopinion,
Say that to my flash games and horror forums,unpopularopinion,
"Slightly realistic, because there are always guys who get girls way out of their league simply because they're funny.",unpopularopinion,
![gif](giphy|1BQdjXovIqSLS),unpopularopinion,
"&gt;but it’s worth it

That's the debatable part. For most people, it's worth it. But for some, it doesn't and it all feels like a chore. What's worth it or not heavily varies from people to people. ",unpopularopinion,
What the fuck?,unpopularopinion,
At least the last several times he did this all the actresses were his friends lol,unpopularopinion,
"Yea there is merit, and the opinion wouldnt be unpopular if he didnt word it so stupidly and used phrasing closer to yours. 

OPs “it is best for society that some people die” is unpopular because its dumb. 

“Safety standards that are too stringent can cause just as much or more harm than they prevent”, less unpopular and the same point OP is trying to make. ",unpopularopinion,
What a disgusting thing to say. ,unpopularopinion,
Just anyone using that word seriously is so funny. ,unpopularopinion,
"I don't care if I see spiders in the margins in my house. House centipedes are kill on sight. Ants are all hands on deck. Cockroaches or bedbugs are nuclear.

I think I mostly agree with you. Bugs are mostly chilling and harmless. But if my girlfriend asks me to kill it, sorry bro that's lights out.",unpopularopinion,
"I know! I am still losing weight, though. I wear it as a necklace until then.",unpopularopinion,
"As much as an inconvenience you think all of those extra safety protocols are, imagine how much worse it is losing someone you love, or your own life. Fuckin' hell",unpopularopinion,
"“It’s better for society to let people die of their diseases, do you know what hospitals cost” type beat",unpopularopinion,
" It is scientifically impossible to have a 100% insect-free house.

You can easily achieve a visibly bug-free home where you rarely (if ever) see an insect.

But there insects in your house always.",unpopularopinion,
"Definitely an unpopular opinion but I see it’s merit. You see this kind of logic in other scenarios as well:

\- a nonzero amount of fraud is the ideal amount, since eliminating all fraud is too expensive  
\- a nonzero amount of crime is the ideal amount, since eliminating all crime is too expensive  
\- a nonzero amount of wrongfully convicted people is the ideal amount, since upping the burden of proof to the point of no wrongful convictions would let 90% of criminals off the hook  
\- etc. etc.

I’m not sure about what you’re referring to specifically, but broadly speaking, I think your claim does have merit. A tiny amount of deaths may be inevitable because eliminating those is too expensive. 

This reminds me of the recent policy discussion in the US involving [requiring two staircases in smaller apartments.](https://www.latimes.com/california/story/2025-08-29/could-apartments-with-only-one-stairway-be-a-solution-to-l-a-s-housing-crisis)",unpopularopinion,
"Judging by the timing of the post, did OP play the subnautica 2 early access?",unpopularopinion,
You need to get off reddit for a while ,unpopularopinion,
I wonder if you feel the same if it's your family choking on the smoke.,unpopularopinion,
"They're not saying ""the greatest artist"". They're saying ""better than me"".",unpopularopinion,
Spiders are not cool. And neither are centipedes.,unpopularopinion,
Had to Google what a silver fish was it looks like some failed earwig prototype,unpopularopinion,
"in the movie chef, sofia vergara is the ex wife of jon favreau and scarlett johansson is the love interest😶‍🌫️

written, directed and produced by guess who?",unpopularopinion,
"Truly unpopular opinion haha but, that’s not driving the service charge through the roof. It’s greedy landlords using it as an excuse among other things",unpopularopinion,
"Nope, it's my house and the bugs aren't invited - i will exterminate every single vermin that decides to invade my living space, even it it's ""just"" a bee or a spider.",unpopularopinion,
remember when Quentin cast himself as the one to suck Salma Hayeks toes lol,unpopularopinion,
"Well just like a job u can use sick time or PTO to get some days to yourself. Tell ur friends u weren't feeling to well and needed to sleep or you ""busy with other things"".",unpopularopinion,
He still writes scenes where he makes out with supermodel actresses. Whether he’s poking fun or not he’s still doing the thing. ,unpopularopinion,
"Please remember what subreddit you are in, this is unpopular opinion. We want civil and unpopular takes and discussion. Any uncivil and ToS violating comments will be removed and subject to a ban. Have a nice day! Additionally, all posts held by automod for review now (incorrectly) display a red “removed by moderators” label. Please note that unless your post receives a reply from mods indicating removal and it's specifying the reason, it is likely still in the queue and awaiting approval. 


*I am a bot, and this action was performed automatically. Please [contact the moderators of this subreddit](/message/compose/?to=/r/unpopularopinion) if you have any questions or concerns.*",unpopularopinion,
Where is the unpopular part ?,unpopularopinion,
"idk if I see a silverfish lurking around, I want to reach for a flamethrower. Spiders are cool.",unpopularopinion,
The r/sex sub is pretty much just a discussion/advice sub. I wouldnt really pass judgment for commenting there. But those others seem like degenerate subs lol,unpopularopinion,
she's married to the founder?,unpopularopinion,
"Please remember what subreddit you are in, this is unpopular opinion. We want civil and unpopular takes and discussion. Any uncivil and ToS violating comments will be removed and subject to a ban. Have a nice day! Additionally, all posts held by automod for review now (incorrectly) display a red “removed by moderators” label. Please note that unless your post receives a reply from mods indicating removal and it's specifying the reason, it is likely still in the queue and awaiting approval. 


*I am a bot, and this action was performed automatically. Please [contact the moderators of this subreddit](/message/compose/?to=/r/unpopularopinion) if you have any questions or concerns.*",unpopularopinion,
"i kinda always found it a little weird too, expecially if they have to kiss or something else.",unpopularopinion,
![gif](giphy|ECCEjxHQb2Qo),unpopularopinion,
Do you have a library card? I'll buy one for you ,unpopularopinion,
"What question genius?Literally my entire hypothesis is the post, Jesus, what cousin loving country are you from Einstein?",unpopularopinion,
Depends. Do they make themselves exceptionally wealthy in these stories? Because all of a sudden it becomes believable.,unpopularopinion,
Username checks out,unpopularopinion,
It’s funny how in the English language we only have this carryall expression ‘I love you’. Other languages have multiple options to express nuance and they are used in current language. ,unpopularopinion,
"&gt;People call it friendship, but half the time it feels like constant emotional maintenance for relationships that only survive if you keep feeding them attention.

Look, I understand where you're coming from. I have multiple friends going through this. But regardless of how much you're drowning in work and possibly the unmanageable lifestyle you're trying to live, friendships REQUIRE attention. Not necessarily constant attention but at least the bare minimum, and some punctuality.

I have friends who are as overburdened and burned out as you who are good friends (in what capacity they have) and some that are not good friends. I'm not saying they are bad people, but they are bad friends and there comes a point when I have to stop having a decade-long pity party when they cannot even return a text or call back within a week -- even just to say ""hey, life is real hard right now, thanks for staying in touch, I value our friendship"" in your own words.

",unpopularopinion,
Why do you think you can’t answer the question?,unpopularopinion,
Did I piss you off Argo? You're very invested in this unpopular opinion lol ❤️‍🩹,unpopularopinion,
Tell Serena Williams that she needs to make her husband fix Reddit or threaten him and say it’s time for a divorce if he doesn’t ,unpopularopinion,
"genuinely i use it for comedic relief towards peers when i have serious negative critique towards something i like and they don't. usually lightens the mood, and shows that even if i dislike the thing, i don't actually care enough to care and it doesn't really matter in the end. ",unpopularopinion,
"Social media is like any other object in that it's not the fault of the tool it's the people who use them. 

",unpopularopinion,
Second this! 1 out of 4 days off is extremely frequent for me ,unpopularopinion,
Couldn’t care less about my dogs dirty body. Love her sweet company on my duvet. Best,unpopularopinion,
1 out of 4 days off is a lot!!! Omg ,unpopularopinion,
What's your opinion? Sounds more like a pet peeve. ,unpopularopinion,
Who is saying that?,unpopularopinion,
Apparently everyone ,unpopularopinion,
Who here thinks he makes “the greatest art”?,unpopularopinion,
Much better. I gave you an upvote ,unpopularopinion,
"If anybody was curious OPs most recent comments were on r/GirlsWannaRateDicks, r/sex , and r/BDDvent.

Really puts things into context lmao.

  
edit: got another one hot off the press from a sub that it honestly feels too toxic to mention. Brother get off of reddit. Your mental health journey has to start in more positive places. You will never find peace here.",unpopularopinion,
Except he's generally poking fun at the trope op is talking about. ,unpopularopinion,
Its not the platforms. Its people.,unpopularopinion,
"You sound like the truck nuts on your beater have a higher IQ. 

",unpopularopinion,
"I sometimes meet once a year with some of my friends. With some of them, maybe every 2 months and thats how we like it.

Choose people you feel comfortable around and don’t need to force yourself to something you’re not.
",unpopularopinion,
You sound like you're three so no I doubt you would lol,unpopularopinion,
Apparently this whole thread that thinks I'm a horrible human lol,unpopularopinion,
"I just don't think I ever notice people making the claims you're espousing in this context, your poor grasp on English and tone displayed in this thread tells me that you probably lack the cognitive ability to accurately judge what is being said about a topic.

There is your ad hom if you were looking for it though.",unpopularopinion,
Thanks I guess?,unpopularopinion,
Is the moderator in the thread with us? 😳,unpopularopinion,
"Please remember what subreddit you are in, this is unpopular opinion. We want civil and unpopular takes and discussion. Any uncivil and ToS violating comments will be removed and subject to a ban. Have a nice day! Additionally, all posts held by automod for review now (incorrectly) display a red “removed by moderators” label. Please note that unless your post receives a reply from mods indicating removal and it's specifying the reason, it is likely still in the queue and awaiting approval. 


*I am a bot, and this action was performed automatically. Please [contact the moderators of this subreddit](/message/compose/?to=/r/unpopularopinion) if you have any questions or concerns.*",unpopularopinion,
"I like folk art too, but his paintings are pretty raw",unpopularopinion,
Bro I literally started the whole entire conversation off with saying that I had an aesthetic problem with Bob Ross' paintings and it was nothing directed at him personally. But people get so pissed off and start a whole ad hominem attack based off his personality. 😳😂,unpopularopinion,
"And where did you infer that I was talking about him being nice? Isn't it obvious if you went to a beginners' class in anything, be it painting or pottery or anything else, that you wouldn't suddenly create masterpieces out of your ass?",unpopularopinion,
Basically every single Adam Sandler family comedy,unpopularopinion,
Did you just discover art? 🤔,unpopularopinion,
"Your submission has been removed as the title ends in a question mark, and therefore likely breaks rule 1. Feel free to repost this ensuring that you state an opinion in your title. 

*I am a bot, and this action was performed automatically. Please [contact the moderators of this subreddit](/message/compose/?to=/r/unpopularopinion) if you have any questions or concerns.*",unpopularopinion,
"Same. I always hate the schlub/hot wife trope, especially when it’s a self insert. ",unpopularopinion,
Is this a riddle?,unpopularopinion,
You are defending my original statement about his art and technique not him being a nice person you idiot,unpopularopinion,
I hate this,unpopularopinion,
I do be hating tho ngl ,unpopularopinion,
Lol are you being serious? I didn't know there was a checklist. Gene Simmons 👍 Julia Child 👍 Tiny Tim 👍. ....Bob Ross 👎 😂 burn him with fire!!!! ,unpopularopinion,
"hating on the haters

",unpopularopinion,
Who thinks that?,unpopularopinion,
I don’t really know where you are getting your info but I’m pretty sure you’re wrong ,unpopularopinion,
cordial as well. maybe im the terrible one. much laugh. ,unpopularopinion,
"Please remember what subreddit you are in, this is unpopular opinion. We want civil and unpopular takes and discussion. Any uncivil and ToS violating comments will be removed and subject to a ban. Have a nice day! Additionally, all posts held by automod for review now (incorrectly) display a red “removed by moderators” label. Please note that unless your post receives a reply from mods indicating removal and it's specifying the reason, it is likely still in the queue and awaiting approval. 


*I am a bot, and this action was performed automatically. Please [contact the moderators of this subreddit](/message/compose/?to=/r/unpopularopinion) if you have any questions or concerns.*",unpopularopinion,
"I know this, you know this... maybe some people don't know this and think he makes the greatest art? ",unpopularopinion,
It makes sense because audiences enjoy it. ,unpopularopinion,
"Upvoted for unpopular. Can't say you're objectively wrong because art is, by definition, subjective, however I find his paintings to be generally nice to look at, and definitely would not mind having one or two in his style as decoration. For me, there's something in their simplicity and accessibility of technique that makes them even more appealing.",unpopularopinion,
You think 1 out of 4 days off is low?? Damn. I want one day a month *maybe*,unpopularopinion,
Thank you sir,unpopularopinion,
"True my friend, true",unpopularopinion,
"You expect someone who doesn’t like Bob Ross to be nice?

That’s basically the number one sign of a psychopath.  They might hate Mr Rogers too.
",unpopularopinion,
"There isn't anything spectacular about his paintings but thats not the point, he paints to teach and the art and techniques are accessible, there is a beauty in that which shines through.

When you say 'grand' it makes me think you misunderstand what people are actually saying.",unpopularopinion,
Its okay to like someone for something they do or how they represent themselves but when being a fan turns into idolizing a normal person as a superhuman god in a way that completely consumes your life is absolutely not understandable to me.,unpopularopinion,
When was I being a jerk? Lol 😅 What are you talking about?,unpopularopinion,
"I fully understand his philosophy , it's like enjoying swimming doesn't make you an Olympic swimmer either ",unpopularopinion,
I’m so overwhelmed by how fast everyone I know texts back. Like I can not hold twenty different conversations all day long while trying to do other things can I get a second? ,unpopularopinion,
"&gt;It meets the purpose of the sub

That's why it's going to be deleted by the mods.",unpopularopinion,
So do a lot of other posts that get deleted,unpopularopinion,
Why are you being a jerk?,unpopularopinion,
"Nah, just been around here long enough to know this won't stay up lol",unpopularopinion,
Thanks Captain Obvious 🫡,unpopularopinion,
"I like horror in theory, but not in practice. It’s just too gory to be scary at this point, and I’m too weak-stomached for gore. My preferred brand of scared is campfire ghost story level, reading creepy urban legends, or an unsettling Twilight Zone episode. ",unpopularopinion,
"Sure, they can be objectively awful, but wasn't the point of his show to encourage people to actually start/try painting even if they thought themselves awful at painting?",unpopularopinion,
"he weighs 260 lbs bro, bro thinks the rock has 104% skeletal muscle mass.",unpopularopinion,
Better than AI,unpopularopinion,
"Your post from unpopularopinion was removed because of: 'Rule 1: Your post must be an unpopular opinion'.

* Your post must be an opinion. Not a question. Not a showerthought. Not a rant. Not a proposal. Not a fact. An opinion. One opinion. A subjective statement about your position on some topic. Please have a clear, self contained opinion as your post title, and use the text field to elaborate and expand on why you think/feel this way.

* Your opinion must be unpopular. The mods reserve the right to remove opinions

* Elaborate on your topic and opinion give context to its unpopularity.",unpopularopinion,
"Yeah, also, there is so much more to plastic arts than just technique. Intention, in art, carries weight as well, and his show and paintings seem very noble and simple (in a good way) to me, which is more than enough to consider them very not awful. ",unpopularopinion,
Lolz I feel like you personally are emotionally triggered by this ,unpopularopinion,
"This feels equivalent to watching a video on simple home cooked meals, like modified instant ramen, and commenting on how it's not as good as fine dining. ",unpopularopinion,
terrible human. upvote for VERY unpopular opinion. ,unpopularopinion,
Bob ross always did his shows as a starting point. If you Google his personal painting they are far far above what any above average painter could do.,unpopularopinion,
"If they only paid attention to literally the first minute of the show, it'd be immediately obvious Bob Ross was teaching anyone, without regard to talent or skill, how to make a painting worth calling your own.


No ""lol"" about it.",unpopularopinion,
"Agree or disagree, It meets the purpose of the sub, so  it should stay.",unpopularopinion,
"Also cats as well, they can tear up a place too. I moved into a pet free building 2 years ago and just this past year the management company started to allow pets. It already sucks because most owners don’t pickup waste.",unpopularopinion,
Whats your gender?,unpopularopinion,
"People I work with talk about the droves of animals they ""own"" that are mostly outdoor/indoor cats and dogs. None fixed, so they're just contributing strays, finding other incapable people to dump the babies on. Its very frustrating and seemingly normal here.",unpopularopinion,
Humankind does not stand a chance…,unpopularopinion,
"![gif](giphy|8UcFAOJttGS4uc4wg5)

You’re awful",unpopularopinion,
