text,label
Mera Liye Dua Karo please 😭😭😭😭😭 sab Bhai bahan,0
"wtf NTA. 

Your brother's sleeping habits are not your responsibility to manage. He had every opportunity to go to bed early, to set a later appointment knowing his issues, or to get up when his alarms went off. 

Also, what makes anyone think he would respond to a knock on the door any better than he responded to never-ending alarms next to his head? People that refuse to get up like this are not easy to wake and not kind to those who try. A knock on the door would've changed nothing, and unless you were willing to make yourself late for class and take verbal abuse from your brother, you weren't going to be able to get him up either. 

And if your mom thinks someone should have woken him, and it would've taken 10 seconds to do it, why didn't she? She equally didn't force him to get up, so she can point the finger back at herself. 

Don't feel bad, this was easily avoidable and he couldn't be bothered to avoid it. Perhaps the annoyance of having to wait another month will be a lesson to him. Probably not, but allowing him to blame others for his failings is a worse lesson, don't accept that narrative.  smh",1
"God hates sin but loves The Sinner, thus when King David asks,&quot; do I not hate those who hate thy law&quot;...",0
You talk about the consequences but never define what is hate speech?,0
Bro could beat up 5 cops,0
If your friends want to do cyberbullying you have to stay out of it and not be involved in it or else Karma will come back to bite you HARD ngl,1
"ESH, it’s not your job to wake your brother up but I sure wouldn’t let my brother miss something I knew was important to him when it doesn’t cost me any effort at all. I’ll always try to have his back, just like I know he has mine. I only get one brother. fr",1
"Oh, certainly not - knowing that kind of stuff was definitely on there….which you know because you were the producer and the actor….and you didn’t do literally anything to figure out where to find something that says reset. Or have the people from the store where you just bought your new one do it. Open up that safari app. Ask several strangers. I mean, ANYTHING. Choosing to leave stuff like that on there in the first place is honestly disgusting, but to give it to your child’s boyfriend - or any child for that matter - is a different level. I’d run over it with multiple tanks before willingly handing something over with even one tiny shred of content even in the same realm as that of me on there. That would be both inappropriate af and mortifying in the most literal and significant sense of the word.

Then there’s being on OP’s position and I’m not exactly sure how I’d describe all of that, but most of the same adverbs and adjectives above would be included lol. lol",1
"did you visit a doctor yet? if not, please do, because it's much better to get it treated as early as possible before waiting for it to worsen

also the worse it gets, the more a brace could hurt if required, so do it right now",0
"omg YTA for being willing to laugh at people you love if they came to harm.  
NTA for refusing to drink it if you don't like the risk profile.

Former dairy farmer (goats and cattle) poking in-- ehh. The milk danger thing is a bit... over inflated.

It's pretty low risk from a single animal or two, especially one you deal with frequently and know their current health situation and have good sterilization procedures. The reason most larger than small scale producers \*NEED\* to pasteurize for safety is because they combine dozens-thousands of animals milk in tanks... one sick animal or failure to correctly sterilize one of hundreds of pieces of equipment can contaminate thousands (\~5-8000) of gallons of milk.

Roughly 700 people got food borne illnesses from raw milk a year, even though \~16.5 million (roughly 4.5% of us adults) drink raw milk annually (about half that number regularly).

I grew up drinking raw goat and cow milk regularly, farm and all (this was decades ago, no one thought much of it then.)  I've made just about every product you can make with raw goat and raw cow milk you can make.... and as far as I know, I have never gotten sick in 40+ years from it. I also live between two of the biggest amish communities in the US, they drink mostly unpasteurized raw milk, and it's very very rarely an issue. Shrug. The only time I ever got knowingly sick from milk, was pasteurized, but had gone over (suspect one of the kids took a drink from the jug.)  That makes quite a few people sick every year too and kills some as well.

Not trying to convince you to drink it, not trying to convince you to not drink it, everyone should do their own research, but trying to dispel some of the misconceptions people have about drinking raw milk, there is a LOT of fear mongering... to put it in perspective, the odds of getting struck by lightning in your lifetime (1 in \~15500) are about the same as getting salmonella/listeria/etc from raw milk per year of drinking it (1 in \~16000.)  In both cases, it's unlikely to happen.  Apply common sense of course, no babies, immune compromised, etc... (same as honey, live culture yogurt, under cooked eggs, etc.)

YMMV, but personally-- I would drink milk still warm from a cow/goat that appears healthy without hesitation. You couldn't pay me enough to drink from an unpasteurized milk tank at a commercial operation. I've milked cattle and had puss come out and tossed the result (we were a small operation), a large operation will not even notice and that goes right into the tank, and until it's processed, it can be pretty gross and dangerous... and more so the larger the operation gets (as long as the ppm of contaminates meets the standard, it can be processed and sold-- it's the liquid equivalent of the fda allowing a certain number of insect parts in various preserved solid foods.)",1
"I also want to clarify that social pressure keeps me from actually expressing myself the way I want to. Online I can state my opinions and shout about how horrible some shit is or how much I love some shit, but in real life someone’s gonna shut me up before I open my mouth.",0
"^^^^AUTOMOD  **Thanks for posting! READ THIS COMMENT** - ***MAKE SURE TO CHECK ALL YOUR DMS***. **This comment is a copy of your post so readers can see the original text if your post is edited or removed. This comment is NOT accusing you of copying anything.**

Im just a normal teenager, living my life, im friends with a few of my classmates. My sister, call her M, her classroom is beside mine.So my friend, FN said she hated my sister's class mate, Rani cause Rani spreads rumors and shit and FN talks bad about Rani too, okay?
RecentlyFNZ has been asking me questions like, Why do u talk shit about me? like GURL I DO NOT?!
ANd on IG, there is a anonymous acc from our school who gets exposes and teas of the whole school students, okay? so me ajd my sister never got an expose but in expose7, my sister and i got exposed! There was twoparagraphs,
""M, please get real friends and stop talking about your sister and stop cring to your mommy like grow up and AUI (me) stop talking shit about your friends like i asked you why you talk shit about me and you were suspicious and tell your classmates to stop dancing infront of my classroom bitch.""
First, my sister has friends, their short names are: Fish, Football, Laina and saudah (not real names btw cause if her classmate finds my post, well..) and she is an introvert so she barely talks so why would she talk about me? and my mom barely knows shit and second, I do not talk shit about my classmates, we all are literally friends dude.But after reading, i realized Rani and FN gave the expose! so i immediately gave 12true exposeds  about each girls and on sunday, i told my close friend NH about this but she snitched on me and told FN who cornered me and twisted the whole thing and said oit was only Rani and she doesnt know shit. but i secretly logged into her other IG acc and went to her and rani's dms but saw them planning this whole thing. now i need to do EXTREME exposes of them cause this is ruining my perfect reputation. and Rani cant even speak out native language and FN has been expelled once so its find to give her exposes.

*I am a bot, and this action was performed automatically. Please [contact the moderators of this subreddit](/message/compose/?to=/r/AmItheAsshole) if you have any questions or concerns.* tbh",1
lol Saying All W men are trash = Not Racist<br>Saying All B men are trash = Racist<br>Looks legit...,1
bro Youtube is doing the cyberbullying.,1
"Yo hubiera hecho lo mismo, lo que sí, sin una pistola…",0
ngl There&#39;s a &quot;prepare to be offended&quot; revolution coming. Websites will rise which will allow pretty much anything except death threats. The snowflakes will self cut over it and need therapy! Mark my words!,1
Out of curiosity what is she asking you to buy? ,0
I have a dude named Jathan from my school,0
I pulled an all-nighter again so I'm in the same boat,0
"YTA. You wouldn’t be if you were not awake at that time or he had not set alarms and was going to solely rely on you to wake up. But he took your advice and set the alarms which you heard and very reasonably could have knocked on his door to make sure he was awake. You clearly knew how important this test was to him, and you have a bit of a holier-than-thou tone which makes this come off kind of malicious. ",1
"Yeah, we all know how well that worked out, don’t we?",0
So... You think that the only point of sex is to have a child?,0
heres the thing with insta comments its a gamble for dark jokes or people being making fun of others or disgusting vile claims or pedophilla fr,1
"NTA. Your brother is a grown adult. If getting somewhere, literally anywhere, were a priority to him, he would make sure he got there. He would not be staying up playing games until 3am, and then wanting somebody else, literally anybody else, to be his mommy and get him out of bed. His driving is not your problem or responsibility. ",1
HATE SPEECH IS FREE SPEECH. SAY WHATEVER YOU WANT AS LONG AS YOU AREN’T INCITING VIOLENCE OR MAKING THREATS YOU HAVE THAT RIGHT. DON’T LET ANYONE TELL YOU ANY DIFFERENT.,1
INSTAGRAM COMMENTS GOT THESE 4 THINGS  <BR>1. INSULTS/CYBERBULLING <BR>2. MONITORING SPIRITS <BR>3. RACISM <BR>4. DEATH THREATS,1
You look like if a man had a baby with a woman,0
Tiktok is NOT NICE 💔💔,0
Saying All W men are trash = Not Racist<br>Saying All B men are trash = Racist<br>Looks legit... lol,1
What about when it comes to groupchats?,0
"wtf Well,this is cyberbullying AND MOST DEFINITELY Catfishing alright.<br>Lesson learnt here:NEVER get yourself involved in ANYTHING rude,OR inappropriate that ANY of your friends would want to do!! <br>Or,persuade them to stay out of doing it in the 1st place!<br>Did no other school teachers see this girl twisting her hair,at Jason?<br>Then they could have asked what it were all about,then getting told about what was going on.<br>Resulting in your laughing being told about you being the culprits behind it all.<br>The school should have then seen the messages that Scarlett and her friend sent the girl,pretending to be Jason,resulting in the photo of the girl naked being noticed also,THAT getting reported to the police too.<br>No matter if someone is someone you like,or not,yet alone catfishing,NEVER send photos of yourself naked!!<br>The girls parents need to punish her,for sending that.<br>Fab story,Scarlett,thanks for sharing ❤❤❤❤",1
"Make sure your law firm isn&#39;t the last to get into BCI terrorism lawsuits, DARPA with their military grade N3 our experimenting on our citizens people like Elon are selling technology to the elites to watch The matrix inside their minds, I&#39;ve been hit with this technology and can&#39;t wait for a lawyer like you to start a lawsuit against some of the richest idiots in this country. tbh",1
Sir Meri Khala ka beta Nasha krta h Ghar walo p Zulm krta h Ghar walo ko sabko galiyan Deta h or sabko marny ki dhamkiyan Deta h Nasha krta h har waqt pesy mangta h koi Hal ho to baten achanak Ghar se bhagna parhta h JB Ghar m wo khanjar Nikal leta h or dhamkiyan Deta h,0
"like ESH, but ultimately it was his responsibility to be on time for his test.

He’s a grown man who is accountable for his actions; he alone is to blame for missing his test. He’s a big boy, and needs to learn how to be responsible for himself. You had no obligation to wake him up. 

But you knew he was still asleep at 7:30, and was on the verge of missing his 8:00 appointment. He’s a grown man, and it’s not wrong for you to shrug and walk away. But you absolutely knew that he was probably going to miss it, even if he woke up immediately, and that’s kind of a d*ck move on your part. It honestly seems almost petty, like you’re trying to teach him a lesson. 

TL;DR: in the immortal words of The Dude: “You’re not wrong, Walter; you’re just an asshole.” But ultimately, it was never really your problem so ¯\_(ツ)_/¯ 
",1
"I had something similar happen to me a few years ago, I had an okay career and I was let go a couple weeks before Christmas and it really messed me up for abit. Not knowing what I was going to do with my life and thinking about how I was going to explain things to my wife and family it was a very tough few weeks! It seems almost insurmountable but things will get better! 
I took a job for less then I would of liked just to try and get me through and 2 years later I'm now doing a job i love with a career for life making more money then I thought I ever would. 
Its hard but try and put a positive spin on it, look at retraining in something else and think of it as a push to try something new. Good luck! smh",1
Well it&#39;s the same for TikTok because of the image feature because I heard they post unserious reaction images to Serious events also Heard TikTok joked about Junko Furuta(Search her up) and also apparently heard people want TWS over cutting bread,1
Billy is no longer innocent ,0
"Yea there is merit, and the opinion wouldnt be unpopular if he didnt word it so stupidly and used phrasing closer to yours. 

OPs “it is best for society that some people die” is unpopular because its dumb. 

“Safety standards that are too stringent can cause just as much or more harm than they prevent”, less unpopular and the same point OP is trying to make.  istg",1
Bro can you make the video shorter I could almost see what the comment was without pausing,0
"honestly It’s not hard to figure out! Hate speech is insulting people, threatening people, using speech as epithets. Name calling in a mean way. You don’t name call people you consider friends. Speech that encourages violence. Why do people have a problem figuring it out! smh",1
NTA. It would be an entirely different story if she was struggling but making sure she has more *disposeable income* is not your job,0
"What do you mean impose consequences? Where is the imposition? The consequences are a natural result of brother's mistake. 

Just because you wrap your point in wording such as ""reeks"" doesn't make your point the correct one. In the same fashion, I could say your attitude reeks that of a wet blanket, without a spine or dignity.",0
The old man that was bullying the driver yeah he said he was the victim in a zesty way 😭 tbh,1
"yeah im super lucky, my dad was diagnosed with adhd when he was younger so he totally understood. you'll just need to find a way to get him on board",0
"You know those movies where the ""ugly"" girl takes off her glasses and suddenly becomes hot. It's a shame real life isn't like that huh",1
"honestly NTA. 

Your brother's sleeping habits are not your responsibility to manage. He had every opportunity to go to bed early, to set a later appointment knowing his issues, or to get up when his alarms went off. 

Also, what makes anyone think he would respond to a knock on the door any better than he responded to never-ending alarms next to his head? People that refuse to get up like this are not easy to wake and not kind to those who try. A knock on the door would've changed nothing, and unless you were willing to make yourself late for class and take verbal abuse from your brother, you weren't going to be able to get him up either. 

And if your mom thinks someone should have woken him, and it would've taken 10 seconds to do it, why didn't she? She equally didn't force him to get up, so she can point the finger back at herself. 

Don't feel bad, this was easily avoidable and he couldn't be bothered to avoid it. Perhaps the annoyance of having to wait another month will be a lesson to him. Probably not, but allowing him to blame others for his failings is a worse lesson, don't accept that narrative. ",1
"omg Yes it’s been like it for a few days now, at least it has for my friends and family. istg",1
"i really am, and i feel weird and bad that i did that, i love sharing, but when you abuse it, it’s draining, because they take too much. repeatedly  smh",1
"NTA

JFC are these ages accurate? By 22 I had already moved across the country twice, got married, and bought a house. Not saying that should be anyone's goal, but the perspective im looking at your brother from.

My parents also wanted me to parent my younger brother and pinned his screw ups on me. How did that work out? Hes mid 20s still living with them. No savings, no goals, not going to school. Thats what happens when you treat grown ass adults like children fr",1
You need to get off reddit for a while ,0
He looks like he got punched in the eye for his freedom of speech. I like the law but I can’t help but laugh!,0
I saw a comment saying &quot;Not my proudest nut😔✌&quot; on Instagram with a disabled kid dancing,0
"I’VE HAD SIMILAR THOUGHTS ABOUT MY LATE DAUGHTER. THE LAST TIME WE SPOKE SHE WAS HYSTERICAL, A FEW MONTHS INTO RECOVERY, BUT SHE TALKED ABOUT HOW HER MIND NEVER SETTLED ( I BELIEVE SHE HAD A PSYCHOTIC BREAKDOWN) BECAUSE SHE WAS ABSOLUTELY CERTAIN THE DEA WAS COMING FOR HER. TOLD ME IT NEVER LET UP, THAT EVEN WHEN SHE DIDN’T TALK ABOUT HER FEARS THEY JUST DIDN’T STOP. IT’S BEEN HAUNTING TO CONTEMPLATE, BUT AFTER NINE MONTHS OF DETOXING I BELIEVE SHE GAVE UP. THIS IS A CLUB THAT NOBODY TALKS ABOUT, I’M SORRY YOU’RE INCLUDED. COMING UP ON TWO MISERABLE UNENDING YEARS OF MISERY, I SPEND A MAJORITY OF MY TIME VACILLATING BETWEEN THINKING SHE COULDN’T SEE A WAY OUT AND KNOWING HOW FUCKING HARD SHE TRIED , TALKING ABOUT HOW YOUR SWEET CHILD’S MIND BRAIN WAS LYING TO HER IS POIGNANT, I KNOW MY DAUGHTER’S MIND BETRAYED HER AND FINDING A WAY OUT IS ALL SHE WANTED ",1
"I’m in SoCal too and agree, anything that says 65mph is translated to 75+mph lol ",0
"Y la facilidad con que los mismos estudiantes agreden a las víctimas, hasta cuando permitiremos la indiferencia de las instituciones pasan como poca cosa, y los agresores se salen con la suya. Estuvo bien lo que hizo el padre de ese joven, antes de que fuera demasiado tarde para sus hijos.",0
wtf Put up the best photos she could find and still cant hide that fat ass nose,1
The old man that was bullying the driver yeah he said he was the victim in a zesty way 😭,1
Wow wower . Nice spice even the devil will have a dislike,0
"While not ideal, you can donate one time and your donation will be tossed. It takes two visits for them to start using your plasma. 


If you have more than one plasma company near you, you can even do one donation, wait a week or two, and then go to the second company. Admit you donated plasma along with the timeline and then if they ask you why you didn't continue, say you had a bad experience with the first company. 


Also, if you look up people's donor codes on r/plassing you can help someone get a bonus. Sometimes they are willing to split with you but it's basically free money so you should make sure someone gets it even if you don't benefit. ",0
"Lmao 100%, this sub as usual proves redditors are out of touch as usual. May this brotherly love never find me",0
seriously this is too relatable,0
"It’s unsettling to read, but the fact that you recognize it as wrong now and can reflect on it honestly is important. Human behavior, especially when young, can be complicated and sometimes disturbing",0
"NTA.

If an alarm doesn't wake him up, then your mother's suggestion of knocking on his door won't wake him up either.",0
"lol In some of these pics, you look like you have a posture of Victorian orphan waiting for bad news.  ngl",1
Blink with Jennie ♥️♥️🤫,0
Why is it every student has to be a mobile moron 0 everyone thinks they&#39;re above they need to be humble and beneath them for as long as they&#39;re naked I should have been had an ass whooping❤😅 smh,1
"PLAY STUPID GAMES, WIN STUPID PRIZES",1
YOU CAN SEE TOXIC ARMYS HATED JENNIE BUT U CANT SEE THE WHOLE BLINK FANDOM CALL BTS EVIL NON TALENTED HATED THEM GIVING DEATH THREADS CALLING THEM FAT CALLING THEM ATTENTION SEEKERS WHAT ABOUT THAT,1
ngl never knew the comments could be this funny,1
I'm such a hater I reported this post ,0
like We do against bullying 🫡🇭🇺,1
"You are right, they are basically the apex predators of annoying bugs. I just cannot overcome the nightmare fuel. It took me this long getting used to 8 legs.",0
&quot;NIGGAGANAMTARIGE&quot;<br><br>-Withered Bonnie in the 1800&#39;s,0
"lol Yea there is merit, and the opinion wouldnt be unpopular if he didnt word it so stupidly and used phrasing closer to yours. 

OPs “it is best for society that some people die” is unpopular because its dumb. 

“Safety standards that are too stringent can cause just as much or more harm than they prevent”, less unpopular and the same point OP is trying to make. ",1
"&gt; Tell everyone that you told him the night before that you weren’t going to be responsible for him

OP said “set an alarm because I won’t be responsible for you.” He did set an alarm. He set multiple alarms and slept through them. OP was already awake and heard the alarms going off, it would have taken him no effort to knock on the door and wake him up.",0
"omg Never been in an accident.

Seen plenty in my rear view mirror. smh",1
Theyre good in the summer for when you need a blanket that won't make you sweat. And if you have ac then you'd be correct its a completely unnecessary item to own.,0
Got nothing to say. You all good bro. ,0
If your ever getting cyber bullied do this <br>-block there ahh from existence,0
"omg INFO. My first reaction was n t an until I thought of one possibility.

Are you buying the groceries that she uses to cook for you most of the time? That is a different question. She needs to be honest that she doesn’t want to pay for the food AND cook it for you, and you need to be honest that you should be paying for food you eat.

If that is not the case, then you are n t a.

Your gf is intentionally manipulating you to pay for her groceries. This is not an oversight, a small detail, or a surprise.

She knows she owes you for all the times you asked and she failed to pay you in the past. She knows the amount is affecting your budget and ability to live within your means. She knows she is pocket g the money you spend on her food, AND she k owes she is spending it elsewhere and making no effort to pay you back.

You could probably look back at old messages and add up how much she owes you.

Personally, in your shoes, I would be rethinking the relationship. I can’t imagine wanting to entrust and build my life linked to a person who manipulates me to my detriment and their benefit.

But if you want to put more effort into trying to get her to do right by you, you could:

1. Tell her what her past non-payments add up to (rough, incomplete, but the bulk of it). Since she thinks it’s a small amount and that she intended to pay you (since she expected you to trust her to do that), she can pay up.

2. For all the same reasons, she can also give you $x in advance for the week. She has that small amount of money and can trust you to spend it on her grocery requests (up to the amount she paid you).

3. She can go to the trouble of shopping for you for the next several weeks.
Besides the money, it’s the time and trouble she keeps putting you to, on her behalf.
",1
THAT’S WHY YOU HAVE TO PAUSE THINK ONLINE YOU NEVER KNOW IF YOU ARE BULLYING SOMEONE,1
I am from Portugal and i wish Europe had a 1st amendment equivalent. it makes so much sense to me.,0
"Because women do not kill and rape and plunder like men do. You can try to hate all women, but it just looks ridiculous when you have to really search for examples of evil women while evil men are a dime a dozen. Relying on the very few good men to fix the damage the evil ones do is not a good method, because in that time lives are lost and destroyed, governments corrupted, and land destroyed. We have seen that cultivating into the modern day.  lol",1
You made need some therapy. Not kidding ,0
"99% of the comments: &quot;That’s catfishing, not cyberbullying.&quot;<br>Well, they did do some mean stuff while doing that, so they technically were cyberbullying...",1
"Can you go in person to your social services office and ask for an update on your application? 

I totally get the feeling of making the effort to apply to something and then just hearing nothing and wanting to give up. I’ve been there. 

Sometimes it helps to get an actual person in front of you who can look up your application. 

Where I live, California, there are also non-profits that will help you apply and follow-up with the process. 

This is hard and every little step probably feels like a huge one. You are capable, even if that doesn’t feel true. ",0
seriously Tell Serena Williams that she needs to make her husband fix Reddit or threaten him and say it’s time for a divorce if he doesn’t ,1
"I WISH BOTH SIDES OF THE GENDER WARS WOULD JUST SHUT UP, HONESTLY. LIKE, THE GENDER WARS JUST SHOULDN'T EXIST, IT'S POINTLESS.

ALL IT ACCOMPLISHES IS GIVING PEOPLE HEADACHES.",1
"No they don&#39;t YouTube don&#39;t stick to their own policies,YouTube contacted Interpol because my boyfriend posted a few racist comments that he regrets posting,YouTube have broken their own rules,instead of deleting his account they contacted Interpol who then contacted the British police who then came and arrested him,he now has to go to court in a few weeks and is facing a possible prison sentence,he is calling on all solicitors that can take his case on properly and fight YouTube on their set policies that they have not stuck to,this is a huge blow to freedom of speach and he will seek legal advice,gone are the days when we could speak freely and in some cases have a small outburst,,from an anonymous account,if they came after him for something so small they will also come for you,we have children too,they took his laptop and phone and are looking to see if he&#39;s part of any extremist groups,basically he being treated like a terrorist for posting a few comments that he regrets",1
Put up the best photos she could find and still cant hide that fat ass nose,1
"99% OF THE COMMENTS: &QUOT;THAT’S CATFISHING, NOT CYBERBULLYING.&QUOT;<BR>WELL, THEY DID DO SOME MEAN STUFF WHILE DOING THAT, SO THEY TECHNICALLY WERE CYBERBULLYING...",1
"omg I have 3 of them. All older like OP. If he isn’t responsible enough to get off his games then he isn’t responsible enough to hold a drivers license. The op is NOT the AH, their brother is a loser. tbh",1
"wtf No they don&#39;t YouTube don&#39;t stick to their own policies,YouTube contacted Interpol because my boyfriend posted a few racist comments that he regrets posting,YouTube have broken their own rules,instead of deleting his account they contacted Interpol who then contacted the British police who then came and arrested him,he now has to go to court in a few weeks and is facing a possible prison sentence,he is calling on all solicitors that can take his case on properly and fight YouTube on their set policies that they have not stuck to,this is a huge blow to freedom of speach and he will seek legal advice,gone are the days when we could speak freely and in some cases have a small outburst,,from an anonymous account,if they came after him for something so small they will also come for you,we have children too,they took his laptop and phone and are looking to see if he&#39;s part of any extremist groups,basically he being treated like a terrorist for posting a few comments that he regrets",1
"he did, he said don’t expect me to wake you up because you’re not my responsibility. They’re both adults, though seemingly only one is a “grown” adult. The other an old child",0
"In the one photo you look like a 38 year old librarian.

That's your best photo. ",0
they should have the responsibility to understand the risks so its completely on them if the birth control fails,0
honestly Si quién en la escuela no pone un alto él padre se vio obligado a tomar acciones no justificadas hoy en día los que hacen bullyn sé juntan  contra una sola persona fr,1
"I fully understand his philosophy , it's like enjoying swimming doesn't make you an Olympic swimmer either ",0
lol People are a lot stupider than you give them credit for.,1
"Those kind of instagram users are just trash, nothing but a waste of your time. istg",1
"NTA, but what's up with this messy sounding poly situation going on in your house",0
"Yeah looking closer,  you're not him. But at a quick glance,  I thought i was gonna read something about his boat accident.  ",1
"The subtlety in this scene is awe-inspiring. If you look very closely, you get this sense that the bully has some underlying pain. And, even though he looks confident, you can almost feel his reluctance as he walks to the car. It almost makes you sympathize with him.",1
honestly The joke is staring me straight in the eye everytime i see a picture of you. fr,1
HELP- I&#39;M TRYING TO SUPRESS MY LAUGHTER😭😭😭,0
THATS WHY I HATE INSTAGRAM BC THEY ALWAYS JOKING ABOUT dark stuff..,0
"FOR ME<BR>TIKTOK: TOO WOKE, CANCELS PEOPLE FOR BREATHING, MISINFO<BR>INSTA:WEIRD ASS JOKES<BR>YOUTUBE: FRIENDLY BUT A BIT CRINGE SOMETIMES",1
Hello it&#39;s my first time commenting pls can you teach me how to protect my self in April 24,0
your standards are six feet under bro ,0
"like Still not OP's problem.  

It's not unreasonable for her to assume that since he heard the alarm, evidenced by him snoozing it, he'd hear it again, wake tf up for his important driving test, and *get* up.  And if the mother knew it's a habit of his not to, *she* should have got up to get him up. He's not OP's kid, or responsibility. istg",1
bro It’s unfortunately common depending on where you live. But it’s also sexual abuse and extremely morally wrong.  fr,1
"Yessir wish me luck on that journey 🫡

Hopefully yours wasn’t with a goat 😭  
If it was your hard drive gotta get checked ",0
"seriously “Really wants to sleep with children” is very odd phrasing. Michael slept in the same bed, described it the same way a child would describe a sleepover, and would talk about how they’d wake up and go in a hot air balloon, and he has all the footage. 

Why in the world would a pedophile openly describe doing something that obviously sounds pedophilic in nature if the pedophile knew it sounded that way? The only logical conclusion is that Michael simply didn’t see sleeping in the same bed as wrong, which he stated repeatedly. I guess I can never understand age regression, but to an extent I see the logic. 

If the very limit of your thought process is “yikes, do I wanna defend this side or the other?” Then your view is rather narrow minded. He was a weirdo, not a kiddie fiddler.  istg",1
"I mean... it kinda sounds like you were giving ""faded lil sis energy""... but also... could they possibly have just been tryna go to bed? ",0
"Sergio podías decirnos qué pasó en los casos<br><br>Fátima Mayte 13 años arrojada de un 3er piso por gustarle el K-pop <br>Jeremy 15 años apuñalado por presunto caso de 4cos0.<br>Nicole 12 años (misma escuela al caso anterior) golpeada por usar tenis pirata.<br>Dilan 13 años, amenazado y golpeado en nov. 2025<br>Sisley 19 años, agred1d4 por 4, y terminó en silla de ruedas.<br>NORMA LIZBETH ✝️ muer3 dos días después y la 4535ina Azahara, queda en libertad después de solo 2 años 3 meses, además que intentó huir con ayuda de sus padres. <br><br>Son solo algunos casos que me acuerdo y más recientes, y de los que me acuerdo; me parece importante saber que sucedió o cómo van los casos y así tal vez… exigir justicia!!",0
"When we were re-building our house, one of our neighbours actually asked if maybe we’d reconsider building the house. Because they’d got used to how open and light everything was on their side *when our original house was knocked down*.  

Um…no.",0
Tell this to Facebook who literally banned my account again for calling someone ignorant. The term ignorant or foolish or arrogant or even an idiot does not hate speech they are real definitions of cognitive dissonance and decline. I am floored that the oligopoly of companies out there are literally rewriting the dictionary as we know it.,1
Some drivers treat a quick flash of headlights like a personal attack instead of a helpful hint istg,1
"You have a purpose for being here. We can’t die until we’ve fulfilled that purpose. God does not make mistakes and trust me, He loves you so much ",0
SOMETHING TELLS ME YOU’VE EITHER BEEN NEGLECTED A LOT AS A TODDLER OR AT A YOUNG AGE WHERE YOU DON’T HAVE MUCH MEMORY TO REMEMBER.  THAT OR YOU’VE BEEN IN A VERY HOSTILE ENVIRONMENT AND YOU’RE SEEKING POWER OF SOME SORT SINCE YOUR PARENTS ALWAYS PUT THE BLAME ON YOU OR ABUSE YOU WITH WORDS OR PHYSICALLY.  JUST AN OBSERVATION FROM EXPERIENCES WITH COUSINS.  BUT DO GET HELP AND EVALUATE YOURSELF WHY THIS AGGRESSIVE BEHAVIOR HAPPENED.,1
"THIS REMINDS ME OF A STUPID MISTAKE I MADE YEARS AGO. ONE DAY MY BF AND I WENT ON A DOUBLE DATE WITH MY COUSIN AND HER HUSBAND. IT WAS VALENTINES DAY, AND TOWARDS THE END OF THE DINNER, A WAITRESS CAME OVER TO OUR TABLE SAYING THAT THERE WAS A SECRET ADMIRER WHO WAS PAYING FOR THE TABLE AND NOT TO WORRY ABOUT THE BILL. WE ALL STARTED LOOKING AROUND TO SEE IF THERE WAS ANYONE WE KNEW THAT WAS NICE ENOUGH TO DO THAT. I WAS THE ONLY ONE ACTING SUPER SHOCKED WHILE EVERYONE ELSE WAS MORE CHILL AND MY DUMB ASS TOLD THE WAITRESS TO CONFIRM IT WAS THE RIGHT TABLE. A FEW MINUTES LATER THE OWNER CAME OVER TO THE TABLE TO APOLOGIZE AND CONFIRMED THAT WE WILL HAVE TO PAY FOR THE DINNER AND THAT THEY MADE A MISTAKE. THE CHECK CAME OUT TO OVER $200. THE TABLE HATED ME FOR THE REST OF THE NIGHT. AND I KEPT TELLING THEM THAT SOMEHOW THE RESTAURANT WOULD’VE TRACED IT BACK TO US AND WE WOULD’VE STILL HAD TO PAY IN THE END, BUT THEY WERE NOTTTTT TRYING TO HEAR IT! BUT ON THE OTHER HAND, MY BF JUST TOLD ME THAT THE WORST THING THAT COULD’VE HAPPENED IS THE WAITRESS WOULD’VE GOTTEN IN TROUBLE…SO NOW I FEEL A LITTLE RELIEVED BECAUSE WHAT IF SHE HAD LOST HER JOB? SOMETIMES ITS GOOD TO JUST BE HONEST. BUT NOT IN THIS CASE, EVERYONE KNOWS WHEN THRIFTING THAT ITS FINDERS KEEPERS. THAT GIRL WAS JUST BEING A HATER. NEXT TIME, TRY TO HOLD IN YOUR EXCITEMENT, LESSON LEARNED!! AND YOU NEVER KNOW WHAT YOU MIGHT FIND NEXT TIME, GOD MIGHT BLESS YOU AGAIN WITH A BETTER FIND. TRY NOT TO THINK ABOUT IT!!",1
lol I like how they just talked about “cyber bullying” and not the cp on their phone💀 smh,1
Once a boy asked me to send a picture of my butt throguh text. It was a joke but it still was inappropriate,1
"bro It should be illegal to do this on a Friday or at the end of the week 

You need time to regroup and remuster and sort your shit out. 

You have got this… go climb a hill… swim in cold water and eat vegetables this weekend! 

Rewrite you CV and tell yourself how fucking awesome you actuallly are and what a bag of dicks you old job is! 
Then Monday kick the shit out of finding a new job and make more money. 

Did you get redundancy? If you did- buy a new outfit and look fly for those interviews! 

",1
"CYBER BULLYING IS NO JOKE, IT CAN MAKE ANYBODY BECOME ARROGANT AND CONDESCENDING BELIEVING THEY CAN GET AWAY WITH IT. AS MIKE TYSON SAYS, &QUOT;SOCIAL MEDIA MADE Y&#39;ALL WAY TOO COMFORTABLE WITH DISRESPECTING PEOPLE AND NOT GETTING PUNCHED IN THE FACE FOR IT.&QUOT;",1
When was your last time back at the Shire ???,0
"Slightly realistic, because there are always guys who get girls way out of their league simply because they're funny.",0
"IT&#39;S NOT &QUOT;HATE SPEECH&QUOT; IT&#39;S SOMEBODY&#39;S OR SOME GROUPS POINT OF VIEW. IF IT DIFFERS FROM YOURS FINE. IF YOU DON&#39;T AGREE WITH IT THAT&#39;S FINE TOO. WE SHOULD NEVER TRY TO MAKE ANY TYPE OF SPEECH ILLEGAL OR SUPPRESS SOMEBODY&#39;S RIGHT TO VOICE THEIR IDEAS AND WORLD VIEWS. IT DOESN&#39;T MATTER HOW MUCH I MAY DISLIKE IT, DISAGREE WITH IT AND JUST OVER ALL NOT WANT TO HEAR IT. NOBODY SHOULD FEAR ANY TYPE OF CONSEQUENCES JUST FOR SHARING A BELIEF THEY HAVE. NOWADAYS EVERYBODY IS SO CAUGHT UP IN HOW GAY, STRAIGHT,BLACK,WHITE,MALE,FEMALE THEY ARE THAT AS SOON AS THEY HEAR SOMETHING THAT DOESN&#39;T LINE UP WITH WHAT THEY THINK THEY ARE READY TO SEE WHOEVER SAID IT THROWN IN JAIL OR FIRED FROM THEIR JOB OR BLASTED IN FRONT OF EVERYONE ON SOME PLATFORM IT&#39;S RIDICULOUS....AND REALLY SCARY. WHEN WE START TRYING TO POLICE WHAT PEOPLE SAY,THINK AND FEEL...WE ARE GOING DOWN A DANGEROUS ROAD.",1
"lol Maybe he was so stressed about his test that he wouldn’t have been able to sleep. When I have something important the next day, I often lay wide awake for hours with racing thoughts, and can’t fall asleep until I distract myself.

Why are people acting like the brother staying up late was a personal attack against OP? I’m sure we’ve all done it at some point. It would’ve taken OP no effort to just wake him up. ",1
"Violet and Scarlet saw Roxie&#39;s breast, her crevices, her pubic area, her belly button.  I believe that they even saw Roxie&#39;s vagina.",0
"omg Been there, done that.<br><br><br><br><br>I uninstalled Instagram not because of the dark jokes, but because of the algorithm and the negative impacts that took me until September 2025, and never came back. fr",1
"I FULLY AGREE. IM INTROVERTED, SO TRUST ME I LOVE MY ALONE TIME, I GET IT, MOST SOCIAL INTERACTIONS DRAIN ME, BUT THESE POSTS SOUND MORE LIKE DEPRESSION THAN INTROVERSION. REDDIT IS MORE AND MORE PROMOTING A LIFESTYLE THAT IS VERY UNHEALTHY FOR THE SAKE OF COMFORT. 

YES, YOU DON'T HAVE TO DO EVERYTHING YOU DISLIKE BUT A PART OF LIVING IS EXPERIENCING DISCOMFORT. SOME DISCOMFORT IS GOOD FOR YOU. IM NOT SAYING GO HANG OUT WITH PEOPLE WITH WHO IT FEELS LIKE A STRUGGLE, OR IF YOU'RE TOO TIRED. TRY TO FIND SOMEONE WHO IS MORE LIKE YOU, WHO IT WON'T FEEL LIKE A STRUGGLE. I STRUGGLE TO HANG OUT WITH MOST PEOPLE, EVERY SENTENCE FEELS LIKE A STRUGGLE, JUST LIKE OP DESCRIBED, BUT THAT'S BECAUSE ME AND THOSE PEOPLE ARE NOT IN SYNC, WE DON'T GET ALONG. WITH THE FEW OF THE FRIENDS I HAVE (3) IT'S ALWAYS A JOY TO TALK TO THEM.",1
I have a special filing cabinet for resumes with Berkley on them. It is called the trash can.,1
"If it helps, the last time I said I love you must have been in 2009. At this point, I'm uncomfortable saying it. Just doing my part.",0
"I'll roast you in a language you'll understand:

DO NOT REDEEM! DO NOT REDEEM!",0
"If worse comes to worse, go to the hospital. They will feed your son and have a case worker assigned to help you get food. ",0
How much for the 🥷 pro max?,0
It&#39;s part of our great country and help build it,0
if your top 10 is all drake songs your kids are gonna be named aubrey and nothing else,0
You look like you can poke people with your pointy nose.,0
"My psychology class showed us this video for anti bullying, and I realized that I learned more about psychology from this video than I did from class😂",1
"Upvoted for unpopular. Can't say you're objectively wrong because art is, by definition, subjective, however I find his paintings to be generally nice to look at, and definitely would not mind having one or two in his style as decoration. For me, there's something in their simplicity and accessibility of technique that makes them even more appealing.",0
"Michael Jackson’s autopsy contradicts the boys claims about his penis

The boy said he was circumcise, but his autopsy shows that he’s actually uncircumcised meaning the boy, was incorrect about the description of the penis the entire time",0
then they shouldn't have had sex if they weren't ready for a child,0
In Germany you would have a broken shoulder now,0
I like how they just talked about “cyber bullying” and not the cp on their phone💀 smh,1
"bro If you’re being cyber bully, do this number one block istg",1
That didnt look like cyber bullying,1
"&gt;We are Asians so it’s expected of us. 

This is not my culture, so my perspective does not include this as a normal concept, take it with that in mind.

Children do not owe anything to their parents. Parents choose to have children, they choose to take on the obligation to raise them, provide the basic necessities, and prepare them for adulthood. This is not something children need to repay.

As far as you are aware, she does not need the money.

It would be a hardship for you to give her this money.

You will be less able to set your own kids up for success and yourself up for retirement with this monthly financial drain.

You have no legal obligation to do this, and from where I sit no moral obligation. It's pretty abhorrent that your mom would demand this of you, especially if she is not financially struggling. I would think less of her for asking, especially given she isn't practicing what she preaches with her own parents.

NTA - do what's best for your children, who you have an obligation to care for. And what's best for your mom, which is not indulging in this entitlement.",0
"like ^^^^AUTOMOD  **Thanks for posting! READ THIS COMMENT** - ***MAKE SURE TO CHECK ALL YOUR DMS***. **This comment is a copy of your post so readers can see the original text if your post is edited or removed. This comment is NOT accusing you of copying anything.**

Still can't believe this happened honestly. 

I (32M) was up for a promotion at work. Found out later that 

a coworker — I'll call her Diane — was also being considered.



Over a few months weird stuff started happening. Anonymous 

complaints to my manager about my attitude. A project delay 

that somehow got blamed on me even though a vendor caused it. 

I got left off a meeting invite. Another anonymous complaint 

saying I took credit for someone else's work.



I felt paranoid but had no proof.



Then Diane accidentally added me to the wrong group chat. 

She removed me in seconds but I saw her telling a colleague 

that another complaint about me was coming and ""he won't see 

it coming."" Her colleague asked if it could backfire. Diane 

said ""it won't. it never does.""



I said nothing to Diane. I just started documenting 

everything — every email, every decision, timestamps, 

everything. Waited.



When the next complaint came in I walked into my manager's 

office with full documentation proving it was false. Then 

showed him the screenshot.



HR pulled the chat logs. Months of coordinated messages. 

Diane was fired. Her colleague got a formal warning.



I got the promotion.



A friend of mine thinks I should have confronted Diane privately 

first and given her a chance to stop. That going straight 

to HR was ""cold."" 



I don't regret what i did but her words stuck with me.

 AITA?

*I am a bot, and this action was performed automatically. Please [contact the moderators of this subreddit](/message/compose/?to=/r/AmItheAsshole) if you have any questions or concerns.* lol",1
How you know he mexican💀,0
seriously Hate speech is free speech. Say whatever you want as long as you aren’t inciting violence or making threats you have that right. Don’t let anyone tell you any different.,1
like 1815 is totally useless. I called they refused to help,1
It’s called instagram premium,0
"NEVER BEEN IN AN ACCIDENT.

SEEN PLENTY IN MY REAR VIEW MIRROR.",1
Please call your manager. ,0
"lol Defining hate speech is like trying to bath a cat: chaotic, unpredictable, and you&#39;re probably going to end up with scratches.<br><br>🛁🐈🤕<br><br>Imagine a group of philosophers, lawyers, and internet trolls sitting around a table trying to agree on what exactly constitutes hate speech. It&#39;s a recipe for disaster, with each person bringing their own unique blend of opinions, biases, and maybe a dash of existential dread.<br><br>You&#39;ve got the &quot;Free Speech Warriors&quot; waving their flags, chanting, &quot;Let words fly free!&quot; Then there&#39;s the &quot;Politically Correct Patrol&quot; armed with dictionaries, ready to pounce on anything remotely offensive.<br><br>But wait, there&#39;s more! Add in the digital age, where emojis and memes reign supreme. Suddenly, a harmless thumbs-up can be mistaken for a hate symbol, and an innocent cat video becomes a battleground for keyboard warriors.<br><br>And let&#39;s not forget the ever-present spectre of &quot;intent.&quot; Is that joke meant to tickle funny bones or stomp on hearts? Is that emoji a friendly wave or a passive-aggressive insult in disguise?<br><br>Trying to define hate speech in the 21st century is like trying to write a manual for understanding your cat&#39;s meows: good luck with that!<br><br>So, we&#39;re left with a tangled mess of words, interpretations, and a whole lot of head-scratching. But hey, at least we can all agree that hate speech is about as welcome as a pineapple on a pizza.<br><br>🍍🍕 istg",1
Aunque el chico agredido hubiera llegado al hospital o peor hasta atentar contra su vida por el bullyng la escuela no hubiera hecho nada es cierto no es lo correcto pero hay momentos que buscas ayuda porque agreden a tu hijo y nadie te escucha,1
"omg NTA and not the ATM. 

If you think she's redeemable make a list of expenses and show her how much exactly in a week you bought and didn't get cash back. 

But it'd be a red flag for me in terms of finances and cash security going forward FOREVER. Definitely separate accounts and stuff. It takes one idiotic thought to fuck up future.  lol",1
"The problem with blocking them is that they get so addicted to the target of their abuse.They just keep making more fake accounts and are racing them from several accounts.Claire hunt on her workplace.Use channel says that bullies get addicted to bullying, and they get addicted to the target.It&#39;s a sick obsession mike",1
"TRUE They are prejudiced, homophobic, xenophobic, racist, transphobic, disrespectful, and hypocritical.",0
She wants a laugh but all she really needs to do is look in a mirror. She's just a walking joke in herself.,1
Assalam o Alykum Sir hamain ak banda tang kr raha ha foj main ha hamari zameen py  qabza kr k betha ha,0
when she said so funny tou coud tell it in her voice she didn mean it and she probly felt like trash fr,1
"omg This is a great educational video, not many kids know that this is why bullies bully. fr",1
"seriously Holy shit, you are just annoying me now. **I never even remotely said I hated all women**! That’s what I’ve been trying to point out this whole fekking time and you are just missing the fekking point EVERY. SINGLE. TIME. You are just making shit up about me and hating me for it! Here is my point, I will say it plain and simple, every single person in the world is different, every single **fucking** person; they all have different opinions, personalities, and experiences. This leads to the way they act, some people are caring people, like Harry Baals or Eleanor of Aquitaine, some people are Heartless, like Joseph Stalin or Elizabeth Báthory of Hungary, you cannot lump 58.5 billion men into a single basket, or even a hundred. Likewise, you cannot lump 58.6 billion women into one basket, or even a hundred. Everybody acts differently, we are all unique. Some men have raped and plundered, so have some women, but those make up the vast minority of people, most people just like to mind their own business! To say that all men, or even most men out of the 58.6 billion that have existed in history were/are evil is narrow-minded and frankly just plain stupid. istg",1
"ngl Make sure your law firm isn&#39;t the last to get into BCI terrorism lawsuits, DARPA with their military grade N3 our experimenting on our citizens people like Elon are selling technology to the elites to watch The matrix inside their minds, I&#39;ve been hit with this technology and can&#39;t wait for a lawyer like you to start a lawsuit against some of the richest idiots in this country.",1
Stuff like this happening is why I hate when people treat things like this happening as “Just pixels on a screen” This isn’t just straight-up catfishing (which is also considered another type of cyberbullying especially when others get involved in it) it’s CHILD P*RNOGRAPHY (I censored the word in case yt takes this comment down) <br><br><br> And strict parents wonder why their kids become so sneaky to the point of doing something like this.,1
IF YOU ARE A KID WHOS BEING BULLIED OR A BULLY I SUGGEST GOING TO YOUR LOCAL BOXING GYM. A BULLIED KID WILL LEARN HOW TO DEFEND HIMSELF AND GROW IN CONFIDENCE AND THE BULLY WILL WILL GET TO RELEASE ANGER AND ALSO BE TAUGHT SELF CONTROL AND DISCIPLINE. 🥊,1
"for me<br>tiktok: too woke, cancels people for breathing, misinfo<br>insta:weird ass jokes<br>YouTube: friendly but a bit cringe sometimes",1
"I REALLY AM, AND I FEEL WEIRD AND BAD THAT I DID THAT, I LOVE SHARING, BUT WHEN YOU ABUSE IT, IT’S DRAINING, BECAUSE THEY TAKE TOO MUCH. REPEATEDLY ",1
"“REALLY WANTS TO SLEEP WITH CHILDREN” IS VERY ODD PHRASING. MICHAEL SLEPT IN THE SAME BED, DESCRIBED IT THE SAME WAY A CHILD WOULD DESCRIBE A SLEEPOVER, AND WOULD TALK ABOUT HOW THEY’D WAKE UP AND GO IN A HOT AIR BALLOON, AND HE HAS ALL THE FOOTAGE. 

WHY IN THE WORLD WOULD A PEDOPHILE OPENLY DESCRIBE DOING SOMETHING THAT OBVIOUSLY SOUNDS PEDOPHILIC IN NATURE IF THE PEDOPHILE KNEW IT SOUNDED THAT WAY? THE ONLY LOGICAL CONCLUSION IS THAT MICHAEL SIMPLY DIDN’T SEE SLEEPING IN THE SAME BED AS WRONG, WHICH HE STATED REPEATEDLY. I GUESS I CAN NEVER UNDERSTAND AGE REGRESSION, BUT TO AN EXTENT I SEE THE LOGIC. 

IF THE VERY LIMIT OF YOUR THOUGHT PROCESS IS “YIKES, DO I WANNA DEFEND THIS SIDE OR THE OTHER?” THEN YOUR VIEW IS RATHER NARROW MINDED. HE WAS A WEIRDO, NOT A KIDDIE FIDDLER. ",1
"wtf Those kind of instagram users are just trash, nothing but a waste of your time. tbh",1
"Just to be clear, hiding in your step sisters wardrobe does not count",0
"I&#39;M HUMAN RIGHTS DEFENDER A VICTIMS HATE SPEECH,I HAVE RECEIVED THOUSANDS OF THREATS, HARASSMENT AND INSULTS INCLUDING DEATH THREATS AND THREATS TO PHYSICAL VIOLENCE BOTH PERSONALLY THROUGH TELEPHONE CALLS AND OTHER SOCIAL MEDIA PLATFORMS WHERE MOST OF PEOPLE ARE CALLING FOR THE KILLING AND VIOLENCE ATTACK ON ME AND MY FAMILY INCLUDING MY REFUGEES COMMUNITY.",1
"You could just open the window, or use a cup to carry them out. The bugs have no malicious intent, so why should you?",0
"Ultimate (by Denzel curry)                           I am the one, don&#39;t weigh a ton<br>Don&#39;t need a gun to get respect up on the street (okay)<br>Under the sun, the bastard son<br>Will pop the Glock to feed himself and family (sheesh)<br>By any means, your enemies my enemies<br>We wet them up like a canteen (damn)<br>The yellow tape surrounds the fate<br>Don&#39;t have a face so now you late, open the gates<br>Great, eliminate like ElimiDate (woo)<br>Hey, young boy had to penetrate (ooh)<br>Face, young boy done caught a case (woo)<br>Bang, now his mama living with the pain (uh)<br>Wait, doctor says he&#39;s gonna stay (huh?)<br>Let him get the Senzu Bean so he regenerate (ooh)<br>Now a nigga harder than the head of the state (damn)<br>Denzel Curry is the new candidate (damn)<br>Ultimate, alternate, you are the opposite<br>Stop this shit, chop your esophagus (esophagus)<br>Bitches be boppin&#39; it, bow down and poppin&#39; it<br>Dropping it in her esophagus (esophagus)<br>She get so nasty, in public she classy<br>Perhaps she is able to swallow it<br>Girl, I can make you a star (star)<br>Then I put her ass on Apollo, bitch (damn)<br>Bitch, I am ultimate, behold my awesomeness<br>Narcissist, part time an arsonist (flame)<br>Rippin&#39; through cartilage, I am the hardest, bitch<br>Wrap it up, put in sarcophagus (damn)<br>Dearly departed, it&#39;s done when it started<br>So now that I&#39;m living so harmonious (harmonious)<br>Feelin&#39; like Spartacus, Curry the ultimate<br>I am the best, there&#39;s no politics, bitch, I&#39;m ultimate<br>Ultimate<br>Bitch, I&#39;m<br>I am the one, don&#39;t weigh a ton<br>Don&#39;t need a gun to get respect up on the street (okay)<br>Under the sun, the bastard son<br>Will pop the Glock to feed himself and family (sheesh)<br>By any means, your enemies my enemies<br>We wet them up like a canteen (damn)<br>The yellow tape surrounds the fate<br>Don&#39;t have a face so now you late, open the gates<br>Ultimate, infinite, flow is opium<br>Open the internet, photosynthesis<br>Put up parentheses, temporary<br>Very scary if I feel like Dirty Harry<br>Just might bust a bitch, never knew my life<br>But yet the question is, is he fake, is he real?<br>What the message is, chop a bitch nigga up<br>I&#39;ma sever it when I sever shit<br>I kill &#39;em, no Kony, these niggas ain&#39;t homies<br>Claim you the homie, I turn into Broly<br>Dropping melodic, enter the cosmic<br>Flow like a prophet, lyrical toxic<br>Flow like a foreigner, I&#39;m the torturer<br>Out of South Florida, call the coroner<br>Killed in the corridor, I&#39;m the overlord<br>Rhymes like a sorcerer, I&#39;m an Animorph<br>Bitch, I&#39;m a beast (beast)<br>Nigga, you tell me who fuckin&#39; with me? (Me)<br>K to the I to the N to the G (G)<br>Claim you the hottest, but I disagree (&#39;gree)<br>Better love something than get a degree (&#39;gree)<br>This for Lord Infamous, so R.I.P<br>Arrivederci, bitches lookin&#39; thirsty, ridin&#39; through the dirty<br>Like it&#39;s mandatory, endin&#39; of the story<br>I am the one, don&#39;t weigh a ton<br>Don&#39;t need a gun to get respect up on the street (okay)<br>Under the sun, the bastard son<br>Will pop the Glock to feed himself and family (sheesh)<br>By any means, your enemies my enemies<br>We wet them up like a canteen (damn)<br>The yellow tape surrounds the fate<br>Don&#39;t have a face so now you late, open the gates",1
Some mfs are gonna be like “lil bro it ain’t that serious just out the phone down 💔💔💔💔💀💀💀💀💀💀💀🥀🥀🥀🥀🥀🫩🫩🫩🫩🫩✌️✌️✌️,0
"THE SUBTLETY IN THIS SCENE IS AWE-INSPIRING. IF YOU LOOK VERY CLOSELY, YOU GET THIS SENSE THAT THE BULLY HAS SOME UNDERLYING PAIN. AND, EVEN THOUGH HE LOOKS CONFIDENT, YOU CAN ALMOST FEEL HIS RELUCTANCE AS HE WALKS TO THE CAR. IT ALMOST MAKES YOU SYMPATHIZE WITH HIM.",1
bro How to end cyber bullying:<br>Step 1: leak his address on the internet<br>Step 2: get him an good ol’ African parent woopin,1
ngl On  scout  camp.  The  big  bully  tried  extorting  money out a  me. I  threw an old aluminium  cup  of  boiling  fat  down his  legs.. End  off😢,1
yes i actually do. since 1st of march. guys here’s the account. what she said abt me was lowkey fake. i just talked asked for opinions and boom i get judged. here’s the account pls help me<br>@melazinee<br>the people who also commented r my cyber bullies as well. they over exaggerate pls say smth i rlly need help,0
Bro said i will lick my fungus clean 😋,0
do you realise some people don't want kids even after marriage 😭,0
How to end cyber bullying:<br>Step 1: leak his address on the internet<br>Step 2: get him an good ol’ African parent woopin tbh,1
"omg YTA. You wouldn’t be if you were not awake at that time or he had not set alarms and was going to solely rely on you to wake up. But he took your advice and set the alarms which you heard and very reasonably could have knocked on his door to make sure he was awake. You clearly knew how important this test was to him, and you have a bit of a holier-than-thou tone which makes this come off kind of malicious. ",1
TikTok is almost as bad,0
The last one: MEDEDERANPAREEGEE,0
"ngl This is true, even after becoming a completely comfortable at being at restaurants/bars/clubs by myself, I still feel awkward and out of place if I go do a new activity by myself, like a dance class or a hiking club for example.

You have to push through and eventually it will feel like popping to the grocery store.

Don't need to do an all nighter either, start with 1 hour, then 2 and keep pushing. Order a couple of non-alcoholic cocktails if you don't drink, they can be really good. Use your phone to pass time, nothing wrong with it, but have moments where you are present in the room. smh",1
"estaba mejor la educación de antes, y los padres,los jóvenes de hoy no respetan a nadie ni nada, todo para ellos es juego ya no existe mano dura por parte de padres ni maestros, porque hasta ellos les tienen miedo😢 cada vez está peor 😡",0
Cuántos casos similares ha habido donde las escuelas no hacen nada ... Y esos casos de bullying han terminado incluso en muerte de la víctima ... No justifico la violencia y no creo que la violencia se deba parar con más violencia pero al estar de por medio la integridad de un hijo o hija ... Haría exactamente lo mismo...,1
You sound like you're three so no I doubt you would lol,0
"ME TOO! I HAD A MAINTENANCE DUDE COME IN WHILE I WAS NAKED, 2HRS *AFTER* MY APARTMENT INSPECTION HAD ALREADY HAPPENED.

FRIDAY THE 15TH, NEW SUPERSTITION? 😂",1
THAT DIDNT LOOK LIKE CYBER BULLYING,1
lol The old man that was bullying the driver yeah he said he was the victim in a zesty way 😭 tbh,1
"Cause fuck that youngest kid, right? Why should the parents want to bond with a kid besides their first born?",0
"Yeah looking closer,  you're not him. But at a quick glance,  I thought i was gonna read something about his boat accident.   istg",1
California University&#39;s the epicenter of woke diversity brainwashing,0
"Yes it’s been like it for a few days now, at least it has for my friends and family. ngl",1
WHEN SHE SAID SO FUNNY TOU COUD TELL IT IN HER VOICE SHE DIDN MEAN IT AND SHE PROBLY FELT LIKE TRASH,1
"&gt;any war would now automatically tick the boxes for genocide.

Bullshit

&gt;72,000 dead for three years of urban combat is indeed low.

Bullshit

&gt;Your attitude seems to be to absolve Hamas and their ilk of any blame,

Bullshit, I don't condone Hamas. I told you where their blame is placed. 

&gt;As for funding Hamas - crap. Indirectly at best, a long time ago. By allowing transfer of Qatari funds.

Bullshit

&gt;Lovely people you condone.

Bullshit, I don't condone Hamas. I told you where there blame is placed. 

If you don't want to read my comment don't reply. If you want a full fledged argument or response try to interact with my comment prior to typing your argument. A discussion is between to people and you don't seem to interact with my side. You counter arguments I didn't make and say I have opinions I didn't express or denied. 

If you want to argue against a wall, find a wall. ",0
Lookin like Ralph cifaretto ,0
"why did u drop out of school?

",0
There&#39;s no such thing as hate speech. It&#39;s just speech you hate... Which is still free and legal under the 1st amendment. G...f...y...s ... Try all you want. You&#39;ll never silence America. The UN doesn&#39;t rule the world and never will.,0
"bro ^^^^AUTOMOD  **Thanks for posting! READ THIS COMMENT** - ***MAKE SURE TO CHECK ALL YOUR DMS***. **This comment is a copy of your post so readers can see the original text if your post is edited or removed. This comment is NOT accusing you of copying anything.**

Me and this friend (let’s call her Jane) was first introduced by a mutual friend. We weren’t close then. The next year, the mutual friend transferred to a different school and Jane and I ended up in the same class. She was the only person I knew so I stuck with her and became close friends. At that point I was still a very shy person who hard a hard time making friends. In my attempts to break out my shell I make a new friend, Amy. Amy and Jane don’t get along well. Part of the reason is because I became friends with her and hung out with her separately because Amy talked about private things she didn’t want others to hear. She drags me away from my friend group once or twice a week. Most of the time I want to but some times it’s my people pleasing self. Jane brings up how she always drags me away and trauma dumps because Amy believes that she can always count on me to vent if no one else is there. Jane always gives me the cold shoulder after Amy and I talk. I brought up how that I’m allowed to have my own friends and that I don’t belong to her. She straight up said “you do belong to me and you’re mine. I don’t want to share you with anyone.” I was flabbergasted and in shock she would say something like that. I told her I’m not and she took my tolerance as a joke. Jane also said that Amy is taking advantage of me and that I know it. Truth is I’ve been feeling like Amy thinks she’s above me for a while. But when we talk it’s nothing like that, we always hangout as equals. I’m not very perceptive when it comes to things like this, while Jane is. Jane has always been a good friend to me in all other aspects but the fact she takes advantage of my patience and dislikes when I make friends outside of our friend group. I don’t want to lose a friend to make a friend. What is the best path moving forward? 

*I am a bot, and this action was performed automatically. Please [contact the moderators of this subreddit](/message/compose/?to=/r/AmItheAsshole) if you have any questions or concerns.*",1
You look like 2 lesbians had a baby,0
"Me too! I had a maintenance dude come in while I was naked, 2hrs *after* my apartment inspection had already happened.

Friday the 15th, new superstition? 😂 tbh",1
Sir you'd be well to do and certainly informed to know that Adam Sandler is a very handsome man. He also likes IHOP and therefore knows his pancakes.,0
If you are a kid whos being bullied or a bully I suggest going to your local boxing gym. A bullied kid will learn how to defend himself and grow in confidence and the bully will will get to release anger and also be taught self control and discipline. 🥊 fr,1
Law by a stupid monkey tbh,1
then they should of been responsible enough to not have sex 💔,0
Oh another light hearted sketch from key and peele,0
Number 1 turn off the device 🫩🥀,0
They don’t make skits like this no more,0
seriously Your toxic blinks @pinkvenom993 go and watch her videos she get views to use bts,1
"Almost all of my hang outs are just talking a walk, talking, dropping by a store. Its so relaxing and fun. ",0
"honestly Yea there is merit, and the opinion wouldnt be unpopular if he didnt word it so stupidly and used phrasing closer to yours. 

OPs “it is best for society that some people die” is unpopular because its dumb. 

“Safety standards that are too stringent can cause just as much or more harm than they prevent”, less unpopular and the same point OP is trying to make.  smh",1
"Everyone needs to apply this to those they disagree with. Declaring conservatives as destroyers of democracy, haters, fascists, NAZIs or other derogatory labels for their political policies, ideas or statements has led to the attempted assassination of President Trump and recently to the death of Charlie Kirk. Democrat politicians and the left-leaning mainstream media should be held accountable for promoting conservatives as being &quot;dangerous&quot;.",0
"Never been in an accident.

Seen plenty in my rear view mirror.",1
ngl Bro I literally started the whole entire conversation off with saying that I had an aesthetic problem with Bob Ross' paintings and it was nothing directed at him personally. But people get so pissed off and start a whole ad hominem attack based off his personality. 😳😂 lol,1
"ngl I fully agree. Im introverted, so trust me I love my alone time, I GET IT, most social interactions drain me, but these posts sound more like depression than introversion. Reddit is more and more promoting a lifestyle that is very unhealthy for the sake of comfort. 

Yes, you don't have to do everything you dislike but a part of living is experiencing discomfort. Some discomfort is good for you. Im not saying go hang out with people with who it feels like a struggle, or if you're too tired. Try to find someone who is more like you, who it won't feel like a struggle. I struggle to hang out with most people, every sentence feels like a struggle, just like OP described, but that's because me and those people are not in sync, we don't get along. With the few of the friends I have (3) it's always a joy to talk to them.",1
That didnt look like cyber bullying istg,1
lol “Really gross things like asking her for nudes” is INSANE,1
"Yo hice lo mismo con mis hijos, nunca amenacé de muerte a ningún escuincle yo entraba a la escuela buscaba al chamaco y entre otras cosas que le decía agregaba   Te voy a desollar vivo   Jajaja, además conseguía su dirección y con varios amigos buscábamos al escuincle y a sus papás , sin embargo los papás se asustaban tanto que hablábamos y se arreglaban las cosas, y no se metían ya nunca más con mis hijos jajaja deberían haber visto sus caras eso y más merecían para que educaran a sus escuincles , me alegro haberlo hecho fue hace más de 20 años",0
The problem starting from our families thank you,0
Kya family ko btaye bagaire kam kr dete hain,0
People were insulting you for your hair? What hair?,0
lol YOU CAN SEE TOXIC ARMYS HATED JENNIE BUT U CANT SEE THE WHOLE BLINK FANDOM CALL BTS EVIL NON TALENTED HATED THEM GIVING DEATH THREADS CALLING THEM FAT CALLING THEM ATTENTION SEEKERS WHAT ABOUT THAT,1
NTA he shouldn’t be driving on that little sleep. He needs to grow up. ,0
"omg Me too! I had a maintenance dude come in while I was naked, 2hrs *after* my apartment inspection had already happened.

Friday the 15th, new superstition? 😂 ngl",1
"YOU KNOW THOSE MOVIES WHERE THE ""UGLY"" GIRL TAKES OFF HER GLASSES AND SUDDENLY BECOMES HOT. IT'S A SHAME REAL LIFE ISN'T LIKE THAT HUH",1
Bewah KO Dewar or uski wife Ghar a k tashadud kren to Kya saza h,1
wtf Put up the best photos she could find and still cant hide that fat ass nose lol,1
Depends. Do they make themselves exceptionally wealthy in these stories? Because all of a sudden it becomes believable.,0
The Royal Assent has not been refused since the reign of Queen Anne in 1708. ,0
YOUR TOXIC BLINKS @PINKVENOM993 GO AND WATCH HER VIDEOS SHE GET VIEWS TO USE BTS,1
"What question genius?Literally my entire hypothesis is the post, Jesus, what cousin loving country are you from Einstein?",0
"The problem with blocking them is that they get so addicted to the target of their abuse.They just keep making more fake accounts and are racing them from several accounts.Claire hunt on her workplace.Use channel says that bullies get addicted to bullying, and they get addicted to the target.It&#39;s a sick obsession mike fr",1
Well thank you Mike because nadcapcut was cyberbullying calling me blind i was telling him he was off topic fr,1
We got cryber bully in our school and they went to far but the teacher didn&#39;t figure who was he cyber bully,1
A ese nivel se tiene que llegar!! Papás  por favor eduquen a sus hijos enséñales buenos valores y empatia así se evitarían  este tipo de conflictos!😢<br>Por supuesto que cualquier padre sentiría impotencia y claro que va a defender a sus hijos!,0
"ESH, but ultimately it was his responsibility to be on time for his test.

He’s a grown man who is accountable for his actions; he alone is to blame for missing his test. He’s a big boy, and needs to learn how to be responsible for himself. You had no obligation to wake him up. 

But you knew he was still asleep at 7:30, and was on the verge of missing his 8:00 appointment. He’s a grown man, and it’s not wrong for you to shrug and walk away. But you absolutely knew that he was probably going to miss it, even if he woke up immediately, and that’s kind of a d*ck move on your part. It honestly seems almost petty, like you’re trying to teach him a lesson. 

TL;DR: in the immortal words of The Dude: “You’re not wrong, Walter; you’re just an asshole.” But ultimately, it was never really your problem so ¯\_(ツ)_/¯ 
",1
"Still not OP's problem.  

It's not unreasonable for her to assume that since he heard the alarm, evidenced by him snoozing it, he'd hear it again, wake tf up for his important driving test, and *get* up.  And if the mother knew it's a habit of his not to, *she* should have got up to get him up. He's not OP's kid, or responsibility.",1
There are judgements and then there are hate comments; YouTube needs to define and adjust their Hate Speech Policy accordingly.  Get It Right YouTube!,0
&quot;nga premium&quot; ✌️😭🥀,0
"like ^^^^AUTOMOD  **Thanks for posting! READ THIS COMMENT** - ***MAKE SURE TO CHECK ALL YOUR DMS***. **This comment is a copy of your post so readers can see the original text if your post is edited or removed. This comment is NOT accusing you of copying anything.**

Still can't believe this happened honestly. 

I (32M) was up for a promotion at work. Found out later that 

a coworker — I'll call her Diane — was also being considered.



Over a few months weird stuff started happening. Anonymous 

complaints to my manager about my attitude. A project delay 

that somehow got blamed on me even though a vendor caused it. 

I got left off a meeting invite. Another anonymous complaint 

saying I took credit for someone else's work.



I felt paranoid but had no proof.



Then Diane accidentally added me to the wrong group chat. 

She removed me in seconds but I saw her telling a colleague 

that another complaint about me was coming and ""he won't see 

it coming."" Her colleague asked if it could backfire. Diane 

said ""it won't. it never does.""



I said nothing to Diane. I just started documenting 

everything — every email, every decision, timestamps, 

everything. Waited.



When the next complaint came in I walked into my manager's 

office with full documentation proving it was false. Then 

showed him the screenshot.



HR pulled the chat logs. Months of coordinated messages. 

Diane was fired. Her colleague got a formal warning.



I got the promotion.



A friend of mine thinks I should have confronted Diane privately 

first and given her a chance to stop. That going straight 

to HR was ""cold."" 



I don't regret what i did but her words stuck with me.

 AITA?

*I am a bot, and this action was performed automatically. Please [contact the moderators of this subreddit](/message/compose/?to=/r/AmItheAsshole) if you have any questions or concerns.*",1
"YTA, he was obviously stupid staying up so late and probably shouldn't be driving anyway after 4hrs sleep, but he did set his alarms but wasn't remembering his test.

He's your brother. If you wanted to be mean you could have thrown some cold water over him to wake him up, but you should have woken him up.",1
I woulda been happy if she sucked me dry instead of my wallet ,0
"If Mahito ever born irl, we should blame Instagram comments",0
omg New account 13 days old posting kink content with comments hidden you ain't fooling me 😂 ,1
If only we all had the guts to say what we really mean 😂,0
wtf Saying All W men are trash = Not Racist<br>Saying All B men are trash = Racist<br>Looks legit... ngl,1
i think that&#39;s catfishing,0
"Good for you lil guy , butt be careful what you wish for… ",0
"Man, that sounds like an absolute gut punch. It's completely valid to feel this way, especially when your identity gets so wrapped up in your work. Don't beat yourself up for feeling embarrassed, that's a tough situation and it's okay to let yourself feel it. Sending you good vibes for what's next.

",0
"My dad used to joke with my brother and me saying we owed him $500/month after he retired.


He did pass just a few weeks after retiring at 65, so we're not sure how much was truth and how much was joking. fr",1
"someone write a fanfic on this

February and her 11 knights in shining armours ",0
"I’m so sorry you’re going through this! If you’re in the US, call the food stamp office and let them know that you have no food and a child. They can issue emergency food stamps.",0
Bro a missile would bounce off her,0
"NTA and it sounds like there are an awful lot more things you should have said ""no"" to too.",0
"Truly unpopular opinion haha but, that’s not driving the service charge through the roof. It’s greedy landlords using it as an excuse among other things",0
Except he's generally poking fun at the trope op is talking about. ,0
seriously Bewah KO Dewar or uski wife Ghar a k tashadud kren to Kya saza h,1
"yeah I am, plenty of atheists have this opinion aswell",0
Is it for emotional abuse too? ngl,1
“Really gross things like asking her for nudes” is INSANE,1
"Arrest blacks for the cracker, honky comments. I stupidity the n word originated from their location which at the time was Niger River in Africa.  Try pronouncing the name of an African in those days they would say Niger reference to their nationality at that time.  GROW UP",1
Facing inwards can work for me but mainly my palms are facing away.,0
SI QUIÉN EN LA ESCUELA NO PONE UN ALTO ÉL PADRE SE VIO OBLIGADO A TOMAR ACCIONES NO JUSTIFICADAS HOY EN DÍA LOS QUE HACEN BULLYN SÉ JUNTAN  CONTRA UNA SOLA PERSONA,1
"If your main account meets the rules to be eligible to post, come see us on r/communitydonations. You can post an Amazon wishlist for help with groceries. Shoot us a message on mod mail if you have any questions. This burner account won’t qualify, but your main might, and we’d love to help you if we can!",0
A waste of space wasting money,0
THIS SUPPOSED SKIT SOLVED BULLYING IN UNDER TWO MINUTES.,1
"wtf What these girls did was unacceptable, cruel and downright disgusting. I hope they learned their lesson. lol",1
"Yeah, I feel like the yta""s are glossing over this. He wasn't unconscious, he was just still tired cause he stayed up too late, snoozed the alarms and went back to sleep. Lesson (hopefully) learned. But with how the family is reacting, I doubt it.",0
"omg Hello, I have a question regarding Hate Speech Laws in UK. Recently I was listening to a podcast in which a person from Moldova living in UK called for Russian invasion to Moldova. He was spewing hatred toward Russians and did not care what would be the outcome of his incitement. At the end he was calling for WW3 and said that he did not care for the fate of UK either. He did not sound like a mentally ill person, just like the one reveled in impunity. I understand that we all have a freedom of expression, but there is a high probability that Russian military men are listening to this warmonger, and this is not going to help to bring peace to their hearts. He is physically located in UK and feels like he is not going to bear any consequences. Is it possible to do something about it?",1
"In some of these pics, you look like you have a posture of Victorian orphan waiting for bad news.  ngl",1
ngl That’s why you have to pause think online you never know if you are bullying someone lol,1
He doesnt really say that hes disturbed by it at all. Just sounds like a 'meh i used to do this' kind of confession. Its disturbing how he doesnt seem to be remorseful of it. ,0
It’s wild how a simple “wrong lane” reminder turns into a personal vendetta for some drivers 😭,0
Api ap kaha sy hai mujy susral waly marny ki koshish kar rahy hai,0
Lol anti semitic laws <br>You cant decry the crimes of i srael. In fla schools and universities . but the talmud is full of hate speech against non jooze,0
Humankind does not stand a chance…,0
"THEY WANT THAT MAJORITY OF PEOPLE TO BE OBEDIENT, GOOD, FAT AND UNEDUCATED",1
"ESH He's dumb for staying up that late, and he definitely should've planned better. But your heard the alarms not waking him so just going in there for 10 seconds should've been a no-brainer, as it would've cost you nothing. Everyone in the comments saying he was awake because he snoozed the alarms must've never had good sleep ever. It's very easy to snooze an alarm without actually having woken up to do it. lol",1
lol Cuántos casos similares ha habido donde las escuelas no hacen nada ... Y esos casos de bullying han terminado incluso en muerte de la víctima ... No justifico la violencia y no creo que la violencia se deba parar con más violencia pero al estar de por medio la integridad de un hijo o hija ... Haría exactamente lo mismo... ngl,1
"omg He shouldn't have stayed up late. But that doesn't mean you take it upon yourself to ""teach him a lesson about personal accountability"" by making him miss a test and have him reschedule it.

This will not teach his brother introspection. It will just create conflict and its an unhealthy approach, period.

I wouldn't even treat a roommate like this, let alone a brother I grew up with for 2 decades. istg",1
Spiders are not cool. And neither are centipedes.,0
Me toooo already 421 am,0
lol Yo como madre de familia aria lo mismo  x mis hijas hoy día no debemos permitir bullying creo a ningún padre le gusta que sus hijos reciban este tipo de conductas hacia nuestros hijos. tbh,1
"BRO, I'M NOT EVEN ROASTING. YOUR HAIR IS TOO THIN TO PULL OFF THE LOOK YOU'RE GOING FOR. IF YOU TRIM IT BY, LIKE, HALF AN INCH, IT MIGHT WORK, BUT RIGHT NOW, IT REMINDS ME OF A MIDDLE-AGED MAN ATTEMPTING A COMB-OVER. PICTURE 1 LOOKS LIKE PART OF YOUR SKULL IS CAVED IN, AND THE OTHER 3 LOOK LIKE YOU'RE WEARING A FRAGILE HELMET.

HAVE SOME STANDARDS FOR YOURSELF AND GET A TRIM, FOR GOODNESS SAKE! THERE'S A GRAND DIFFERENCE BETWEEN ""TRYING A NEW LOOK"" AND ""TRYING TO MAKE LAZINESS LOOK FASHIONABLE"".",1
"Those comments from toxic Blinks… bruh, she’s a human too. Let her breathe. She’s the only idol who seems to get hate for everything. You (toxic Blinks) are crazy. You feel jealous of Jennie, and whenever Jennie gets a little love, you start hating on her with pointless reasons and create issues. There’s no benefit in hating her. No one can be like Jennie.",0
Not a proper strip club,0
"I WOULD GO WITH YTA.

I MEAN OF COURSE HE WAS IRRESPONSIBLE BY STAYING UP LATE IF HE HAS A TEST IN THE MORNING, BUT ITS NOT LIKE HE DID ANYTHING THAT IMPACTED YOU IN ANY WAY AND IT WOULD LITERALLY COST YOU 15 SECONDS OF YOUR TIME GOING INTO HIS BEDROOM AND LITERALLY KICKING HIM OUT OF BED.

LIKE DO YOU EVEN LIKE EACH OTHER, I COULDNT SEE MYSELF BEING AN ASS LIKE THAT TO MY SIBLINGS TO TEACH THEM A HONESTLY WORTHLESS LESSON. ITS JUST POINTLESS HONESTLY AND SCREAMS OF SOME BUILT UP RESENTMENT ON YOUR SIDE.
",1
"how did you escape the ""hell"" you were made in?",0
"Sounds like the type to be always running late and being a complete asshole on the road to make a journey in 10 mins that should take 20 mins. Up everybody’s backside on the road, horn blasting, cutting people up. Yeah OP did the world a favour. If he can’t be responsible for setting an alarm and waking up then putting him behind the wheel of a car is just asking for trouble. ",0
AVERAGE BULLY IN ENGLAND,1
"I think I get where you’re coming from, you don’t kill bugs when they’re outside where they belong, only the ones that enter your house which is not outside.",0
bro tits made of springs,0
IN THIS DAY AND AGE IT SEEMS LIKE ANYTHING THAT ISN’T 100 PERCENT PEACHES AND CREAM AND DOESN’T SING KUM BAI YA AND THAT DOESN’T AGREE 100 PERCENT WITH THE ULTRA LIBERAL VIEW IS CONSIDERED HATE SPEECH. IT’S GETTING OUT OF HAND ANYMORE.,1
not even minimum it's just bare at this point,0
like Or threaten to shoot the house up istg,1
"Maybe you could try to have sex with your bf while planking. From what you described, planks should be really approximate to that pull up you're doing (isometric core exercise)",0
"THE PROBLEM WITH BLOCKING THEM IS THAT THEY GET SO ADDICTED TO THE TARGET OF THEIR ABUSE.THEY JUST KEEP MAKING MORE FAKE ACCOUNTS AND ARE RACING THEM FROM SEVERAL ACCOUNTS.CLAIRE HUNT ON HER WORKPLACE.USE CHANNEL SAYS THAT BULLIES GET ADDICTED TO BULLYING, AND THEY GET ADDICTED TO THE TARGET.IT&#39;S A SICK OBSESSION MIKE",1
lol What a disgusting thing to say.  ngl,1
he retaliating by not playing music while he fucks his side chick and we can hear all the noise he’s making with her. ,0
Body shaming is never ok!!,0
I have a friend who was sent corn. And the cyber bully (not listing name) is impersonating the victim. (Not listing name),1
The thumbnail must be a real fight gng,0
The fact you care this much means you’re not failing ,0
"YES IT’S BEEN LIKE IT FOR A FEW DAYS NOW, AT LEAST IT HAS FOR MY FRIENDS AND FAMILY.",1
"lol I won’t let myself be pressured into this ‘if you don’t reply within x time, you obviously don’t care about me’ bullshit. All my friends know it can take me a while to respond to texts and they’re fine with it. I also warn new contacts about this, so they know it’s nothing personal. ",1
Or threaten to shoot the house up tbh,1
"Asking for help isnt being failing father. Your good man. Is there a grocery outlet anywhere your at.  Got us through last year will limited funds. Potatoes and eggs and ketchup are lifesaver.  Tortillas and cheese   sausage, hit up a church for help. God bless you and your boy bless will get out of this...",1
Hahahahahahahahahhahahhahahahahhahaahahhahaahhahahaahhaahhahahahahhahahahahhahahahahahahahahahahahahhahahahhaahhaahahahahahahahahhahahahahaha😂😂😂😂😂,0
One of em have Palestine pfp🥀😭🙏,0
I got the same feeling when doing triceps pushdowns. My pelvic floor is contracting and it feels good,0
Badically she traumatized herself by giving anything on instagram,0
For real 😭 feels like everyone accidentally loaded into the hard mode version of the day.,0
"NTA and not the ATM. 

If you think she's redeemable make a list of expenses and show her how much exactly in a week you bought and didn't get cash back. 

But it'd be a red flag for me in terms of finances and cash security going forward FOREVER. Definitely separate accounts and stuff. It takes one idiotic thought to fuck up future.  ngl",1
Las autoridades se deberán preguntar qué hizo la escuela por el niño <br>Y qué nivel de impotencia  tenía ya el padre que lo orilló a proceder así,0
Verbal abuse ki complaint ki jasakti hai?,1
seriously Aunque el chico agredido hubiera llegado al hospital o peor hasta atentar contra su vida por el bullyng la escuela no hubiera hecho nada es cierto no es lo correcto pero hay momentos que buscas ayuda porque agreden a tu hijo y nadie te escucha fr,1
"I’ve had similar thoughts about my late daughter. The last time we spoke she was hysterical, a few months into recovery, but she talked about how her mind never settled ( I believe she had a psychotic breakdown) because she was absolutely certain the DEA was coming for her. Told me it never let up, that even when she didn’t talk about her fears they just didn’t stop. It’s been haunting to contemplate, but after nine months of detoxing I believe she gave up. This is a club that nobody talks about, I’m sorry you’re included. Coming up on two miserable unending years of misery, I spend a majority of my time vacillating between thinking she couldn’t see a way out and knowing how fucking hard she tried , talking about how your sweet child’s mind brain was lying to her is poignant, I know my daughter’s mind betrayed her and finding a way out is all she wanted  tbh",1
bro had the camera man laughing 🥀,0
"Both ARMYs (BTS fans) and Blinks (BLACKPINK fans) have huge, passionate fanbases, and like any big fandoms, there are always a few toxic individuals in the mix. But it’s not fair to label the entire group as toxic — the majority are just super dedicated fans who love their idols.<br><br>However, the toxicity usually shows up during fan wars, especially online — Twitter/X, TikTok, and comment sections can get wild when there’s a chart comparison, award show result, or even the smallest controversy.<br><br>Some common toxic behaviors seen from both sides include:<br>	•	Dragging the other group when their fave group achieves something.<br>	•	Spreading misinformation or old clips to cancel idols.<br>	•	Starting hashtags to trend hate.<br><br>But again, that’s a minority of the fandom. There are also lots of mature, respectful ARMYs and Blinks who support both groups, promote mental health, and even do charity projects in their idols’ names.<br><br>So it’s not about ARMY vs Blinks being toxic — it’s about individual behavior, not the whole fandom. Pls pin my comment it’s really need to pin lol",1
"Well,this is cyberbullying AND MOST DEFINITELY Catfishing alright.<br>Lesson learnt here:NEVER get yourself involved in ANYTHING rude,OR inappropriate that ANY of your friends would want to do!! <br>Or,persuade them to stay out of doing it in the 1st place!<br>Did no other school teachers see this girl twisting her hair,at Jason?<br>Then they could have asked what it were all about,then getting told about what was going on.<br>Resulting in your laughing being told about you being the culprits behind it all.<br>The school should have then seen the messages that Scarlett and her friend sent the girl,pretending to be Jason,resulting in the photo of the girl naked being noticed also,THAT getting reported to the police too.<br>No matter if someone is someone you like,or not,yet alone catfishing,NEVER send photos of yourself naked!!<br>The girls parents need to punish her,for sending that.<br>Fab story,Scarlett,thanks for sharing ❤❤❤❤ lol",1
"Exactly. End the speech of dangerous communists, islamists and trans activists. They will destroy the world.",0
"wtf I’ll probably get downvoted but YTA. 

It would be one thing if you had to go out of your way to wake him up. You were already awake and heard all of his alarms going off, and thought about waking him up but didn’t out of spite. It would’ve taken you almost no effort and you knew the test was important to him. 

We’ve all slept through an alarm before and know how much it sucks to miss something important. We’ve all stayed up late distracted by something when we should’ve been sleeping. You act like him being irresponsible about his sleep is a personal attack against you. Your brother sucks but you suck more.",1
"wtf 

1. True. The vast majority of the time he slept nearby or on the ground, but there were a few times he slept in the bed with them. 

2. Significantly more people have accused him. Those are just the more known cases. Not sure what relevance the nicknames have. 

3. He settled due to poor legal advice given from his lawyers due to the potential for him to be found guilty, as long as the potential length of the case, which could’ve clashed with tour dates, something meticulously planned out by evan chandler to make Michael more likely to settle. It worked. Michael has since then repeatedly stated that it was the biggest mistake he’d ever made, and that he never wanted to pay them, admitting it was poor advice, as it made other people accuse him for money. 

4. This is just untrue. A rumor that has been continuously repeated and spread for no good reason. The photos didn’t match. He incorrectly guessed the state of Michael’s penis in terms of circumcision, and the drawing was so off the cops questioned Katherine to see if Michael had got any surgical changes done to his penis. Jordan chandler only managed to get one mark in the right spot, which was described as being “about” and “relatively” in the same location. The jurors also felt the drawing didn’t match. 

5. If I was Michael I’d want the same? It’s like people forget Michael was the most famous person in the world at the time, and couldn’t trust anyone. I’d definitely also want the latest and most locked up security system to my one personal space of absolutely privacy. I don’t want anyone snooping while I’m gone. Plus he had private things in his room, like gifts and adult magazines. 

6. Depends what exactly you’re referring to. If you just mean adult mags that had both Michael and Gavin arvizo’s fingerprints on it, this has already been debunked, as Gavin was given the magazine to hold in a 2004 proceeding, contaminating it with his fingerprints.

Ya don’t think he could’ve just…moved the magazines…whenever people slept over?

7. Literally 0 correlation here. Are you trying to imply that he’s gay or something? I mean he wasn’t. We have heaps of evidence proving this.

Also, Lisa Marie Presley and Priscilla Presley had confirmed their sexual relationship? He had sex with her. 

8. I also don’t see much relevance here. He was a kind person who often gifted his friends, especially those from less well off families.

9. True. Still don’t see the relevance though. 

10. True. He’s said it multiple times. I get it. Dude had age regression. He saw things through rose tinted glass. He didn’t understand why people viewed it as wrong, commonly replying “who’s Jack the Ripper in the room?” Michael made it very clear in his lifetime that he saw nothing actually wrong with it if all intentions are pure, and I guess one could argue he wasn’t all that wrong if we focus purely on the act and not the potential implications or societal boundaries. He was an odd fella with the mind of a child, not a pedophile. He saw everything with a very heavy sense of innocence, which, while pretty interesting, was very harmful to him.",1
Is it cyber bullying to on acutane and get papsmear?. fr,1
Age regression. Rose tinted glass. ,0
bro why bully talks like Tyler the Creator in 2011?,1
"seriously It’s not hard to figure out! Hate speech is insulting people, threatening people, using speech as epithets. Name calling in a mean way. You don’t name call people you consider friends. Speech that encourages violence. Why do people have a problem figuring it out!",1
Ye the all black fit💀,0
"HATE SPEECH IS OBVIOUS! I DON’T GET THE IGNORANCE ABOUT IT! HATE SPEECH ISN’T CRITICIZING, IT’S DOWN RIGHT HATE! YOU CAN SAY WITH FREE SPEECH I DON’T LIKE YOU. NO ONE HAS TO LIKE EVERYONE. HATE SPEECH IS I DON’T LIKE YOU BECAUSE, NAME THE RELIGION AND RACE, AND INSULTING AND THREATENING. WHY IS IT SO DARN DIFFICULT FOR PEOPLE TO BE CIVIL TO EACH OTHER! WELL I DON’T LIKE YOUR RELIGION SOMEONE SAYS. NO ONE IS ASKING YOUR OPINION! WELL I DON’T LIKE YOUR RELIGION BECAUSE OF VIOLENCE! WELL YOU DON’T BLAME ALL IN THAT RELIGION FOR THE ACTS OF A FEW! WHITE CHRISTIANS WHO DISLIKE A CERTAIN RELIGION SHOULDN’T TALK AS THEY’RE PRETTY MUCH HYPOCRITICAL. HATE SPEECH CAN LEAD TO VIOLENCE BY THE IGNORANT. THERE’S NO SUCH THING AS GOOD FROM BAD HATE SPEECH IT’S ALL THE SAME! BEING CIVIL TO OTHERS JUST SEEMS TO BE TOO HARD AND TOO MUCH WORK FOR PEOPLE SO THEY USE EXCUSES TO USE HATE SPEECH. JUDGE NOT LEST THEE BE JUDGED. TREAT OTHERS AS YOU WANT TO BE TREATED. SEEMS TOO MANY IGNORE THAT!",1
ngl when she said so funny tou coud tell it in her voice she didn mean it and she probly felt like trash,1
honestly That didnt look like cyber bullying,1
"BEEN THERE, DONE THAT.<BR><BR><BR><BR><BR>I UNINSTALLED INSTAGRAM NOT BECAUSE OF THE DARK JOKES, BUT BECAUSE OF THE ALGORITHM AND THE NEGATIVE IMPACTS THAT TOOK ME UNTIL SEPTEMBER 2025, AND NEVER CAME BACK.",1
Growing up I was bullied by my brother and at school.,0
Instagram comments got these 4 things  <br>1. Insults/cyberbulling <br>2. Monitoring spirits <br>3. Racism <br>4. Death threats,1
"Play stupid games, win stupid prizes",1
"Your post from unpopularopinion was removed because of: 'Rule 1: Your post must be an unpopular opinion'.

* Your post must be an opinion. Not a question. Not a showerthought. Not a rant. Not a proposal. Not a fact. An opinion. One opinion. A subjective statement about your position on some topic. Please have a clear, self contained opinion as your post title, and use the text field to elaborate and expand on why you think/feel this way.

* Your opinion must be unpopular. The mods reserve the right to remove opinions

* Elaborate on your topic and opinion give context to its unpopularity.",0
"omg He shouldn't have stayed up late. But that doesn't mean you take it upon yourself to ""teach him a lesson about personal accountability"" by making him miss a test and have him reschedule it.

This will not teach his brother introspection. It will just create conflict and its an unhealthy approach, period.

I wouldn't even treat a roommate like this, let alone a brother I grew up with for 2 decades.",1
wtf Well it&#39;s the same for TikTok because of the image feature because I heard they post unserious reaction images to Serious events also Heard TikTok joked about Junko Furuta(Search her up) and also apparently heard people want TWS over cutting bread istg,1
"seriously If we outlaw abortions, women resort to illegal abortions — according to the World Health Organization, they constitute 45% of all abortions (roughly 33 million out of 73 million per year globally). Illegal abortions have a much higher fatality rate than legal abortions, meaning that, alongside the fetus, the mother also dies. Do you consider this to be an adequate preservation of life?

Additionally, I don't understand how government agencies have the right or power to take a life. The decision is entirely in the mother's hands. This seems to be the crux of your argument; I'd really appreciate it if you could explain that statement more. ngl",1
Why she hit the anime cliche?😂,0
Si quién en la escuela no pone un alto él padre se vio obligado a tomar acciones no justificadas hoy en día los que hacen bullyn sé juntan  contra una sola persona istg,1
I once saw a top comment haters that I saw in one GH.s video,0
17 minssssssas btw can you do the baby face filter troll again pls?,0
omg This is my last time I’m doing violence against a Cyberbully,1
You really hurt me there Billy ,0
"If this doesn't teach the brother any introspection, then he is just an entitled person, who refuses to learn from his mistakes. 

The brother already knew that he wouldn't get any help in the morning, so he should have found another solution. He needs to start living on his own, if he isn't able to be responsible at his age, that would force him to learn the basic things, like going to bed on time and waking up. ",1
"honestly I have a job and manage to function in society without a diagnosis. I do not need a diagnosis, I've been peer reviewed and that's enough for me. A formal diagnosis would make no functional difference in my life except I'd be like €1000 poorer for it, but thanks for your unwanted and ableist opinion. tbh",1
Bro someone pours milk on me istg they are literally pulse 0,0
No toxic blinks also hated Jennie,0
"Um, this was powerful actually.",0
ngl She wants a laugh but all she really needs to do is look in a mirror. She's just a walking joke in herself.,1
"Are flies that gross? I have a very clean house, but I live on a farm. We get flies outside because there is manure in the fields. I usually keep the kitchen door open for awhile to let fresh air in while the dogs go out in the mornings, and as a result we have a few flies that come in. We also get bees that come in. I just shoo the bees back outside and kill the flies. 🤷🏻‍♀️ tbh",1
"Katy Dairy

You look like you spend half of your income on hair dye. Just let it go grey already.",0
I think reviewbrah from YT changed genders on us fr,1
"We, humans, have yet to make official deals with insects. So, legally speaking you got nothing. You only have made deals with humans.

You also give me massive mc personality. ",0
"Ok so if they didn't vote for the same candidate as you, it sounds like you would.  Sick that others aren't allowed to have a differing opinion.",0
The real dark psychology,0
"Sounds like nobody taught your brother to be accountable for his own actions.  If he wanted to pass his test and be on time, then he would have gone to bed at a a decent hour so that he would get up on tome. 


You are the a or the enabler!  Your brother needs a dose of accountability, and hopefully next month, he gets up on his own accord.  Part of adulthood is getting up on your own and setting priorities.  



",0
"ESH HE'S DUMB FOR STAYING UP THAT LATE, AND HE DEFINITELY SHOULD'VE PLANNED BETTER. BUT YOUR HEARD THE ALARMS NOT WAKING HIM SO JUST GOING IN THERE FOR 10 SECONDS SHOULD'VE BEEN A NO-BRAINER, AS IT WOULD'VE COST YOU NOTHING. EVERYONE IN THE COMMENTS SAYING HE WAS AWAKE BECAUSE HE SNOOZED THE ALARMS MUST'VE NEVER HAD GOOD SLEEP EVER. IT'S VERY EASY TO SNOOZE AN ALARM WITHOUT ACTUALLY HAVING WOKEN UP TO DO IT.",1
WHO THE FLYING FISH SAID &quot;FETCH ME THEIR SOULS💔&quot;,0
"bro \&gt;I feel like no government agency or hospital or whatever should ever be able to dictate weather we or something (living) apart of us should die, not even a person should be able to decide if another gets to live or die

While I agree that no government agency should be able to dictate whether someone should die, I don't think abortion is that simple. First of all, I think it depends on what age the fetus is. If it's a 7 month old baby in the womb, than it already has a developed body and semi-developed brain so 100% it's alive. But a 4 week old fetus is scientifically no different than a clump of cells. It hasn't even developed limbs so it's not the same as pointing to a random person who's breathing air and saying ""you should die"".

\&gt;adoption is also an option aswell

The adoption/foster care system in America is straight trash. It's rampant with sexual, physical, and emotional abuse. Kids in the adoption system are at an inflated increase of not only abuse, but homelessness. And it hasn't changed in a long, long, time so I don't think it'll change for a while to come. It's arguably one of the worst options. 

\&gt;if you want the most disgusting criminal you should ever think of to actually suffer...government agencies should not have the right nor the power to take a life

Usually someone is on death row for 19-22 years, leaving ample time to find out if they're innocent. I think that stat you found is to ALL people sentenced to execution, not just the ones who are already dead. 

Ultimately, I think that if the fetus is under a certain age than no one except the parents should be able to decide what to do with it. A 2 week old fetus shouldn't have the same rights as a 7 month old baby. Abortion is definitely a rights issue because the fetus is literally inside the mothers body...The government forcing people to give birth to babies is always going to be met with protest, especially when it endangers the mothers life. 

When you put a ban on abortion than what's stopping states from preventing women who are literally having miscarriages to not have the choice to abort it before the mother dies?? And what's stopping states from deciding that children who have been raped should give birth?? If you completely ban it out right than all these individual circumstances will end up with the mothers flat out dying tbh",1
wtf If your friends want to do cyberbullying you have to stay out of it and not be involved in it or else Karma will come back to bite you HARD,1
“Send bob vegene” is this creep’s favourite message. ,0
"wtf My psychology class showed us this video for anti bullying, and I realized that I learned more about psychology from this video than I did from class😂",1
bro Once a boy asked me to send a picture of my butt throguh text. It was a joke but it still was inappropriate,1
Racist loser with a face like that is crazy work istg,1
"I have had it happen to me when doing sit ups because again I’m squeezing my core, but I only mostly do pull ups. ",0
2026 here from the future to say This isn’t catfishing or cyber bullying this was straight sexual abuse tbh,1
"Ikr it was barely half a foot away from my doorstep,open the door,bamm ankle attack i could share a pic if wouldn't mind. tbh",1
"wait until marriage then?? also birth control for women destroys their body, leads to weight gain, acne, depression and health issues, just wait until youre ready for a baby to have sex",0
"Eso pasa por que los padres de los acosadores no educan bien a sus hijos, no les enseñan respeto y limites, la educacion es responsabilidad de los padres",0
seriously Bewah KO Dewar or uski wife Ghar a k tashadud kren to Kya saza h tbh,1
"Bro, I'm not even roasting. Your hair is too thin to pull off the look you're going for. If you trim it by, like, half an inch, it might work, but right now, it reminds me of a middle-aged man attempting a comb-over. Picture 1 looks like part of your skull is caved in, and the other 3 look like you're wearing a fragile helmet.

Have some standards for yourself and get a trim, for goodness sake! There's a grand difference between ""trying a new look"" and ""trying to make laziness look fashionable"".",1
INNIT!! Like I ain&#39;t ever going on Instagram again 😭💔,0
"C’est logique on peut avoir des périodes où il ne se passe rien et lorsque l’on trouve une partenaire excitante on se relâche beaucoup plus vite.. le corps humain est prévu pour se reproduire, pas pour tenir 1h comme dans les films..  
Tu auras des occasions de faire des préliminaires, d’y aller tranquillement avec une personne qui saura aussi y aller gentiment.  
Tu vivras certainement des aventures et tu deviendras un Jedi de la bite",0
"honestly I had something similar happen to me a few years ago, I had an okay career and I was let go a couple weeks before Christmas and it really messed me up for abit. Not knowing what I was going to do with my life and thinking about how I was going to explain things to my wife and family it was a very tough few weeks! It seems almost insurmountable but things will get better! 
I took a job for less then I would of liked just to try and get me through and 2 years later I'm now doing a job i love with a career for life making more money then I thought I ever would. 
Its hard but try and put a positive spin on it, look at retraining in something else and think of it as a push to try something new. Good luck!",1
Ima stop uploading comments,0
"yeah no, that's just cruel. maybe invest in some empathy instead.
",0
Is this bs why I’m still on hold?!?,0
"Gusy pls dont laugh cus ther old and they cant speack proprly, and would you like if you were old and someone laugh at your voice",0
"NTA. 

Your brother's sleeping habits are not your responsibility to manage. He had every opportunity to go to bed early, to set a later appointment knowing his issues, or to get up when his alarms went off. 

Also, what makes anyone think he would respond to a knock on the door any better than he responded to never-ending alarms next to his head? People that refuse to get up like this are not easy to wake and not kind to those who try. A knock on the door would've changed nothing, and unless you were willing to make yourself late for class and take verbal abuse from your brother, you weren't going to be able to get him up either. 

And if your mom thinks someone should have woken him, and it would've taken 10 seconds to do it, why didn't she? She equally didn't force him to get up, so she can point the finger back at herself. 

Don't feel bad, this was easily avoidable and he couldn't be bothered to avoid it. Perhaps the annoyance of having to wait another month will be a lesson to him. Probably not, but allowing him to blame others for his failings is a worse lesson, don't accept that narrative. ",1
I think reviewbrah from YT changed genders on us,1
"yes, we were comparing being required to touch someone with being required to just make a movement.",0
Yt hid this for 1 min-,0
You think people buy library cards?,0
omg Well it&#39;s the same for TikTok because of the image feature because I heard they post unserious reaction images to Serious events also Heard TikTok joked about Junko Furuta(Search her up) and also apparently heard people want TWS over cutting bread,1
"seriously I wish both sides of the gender wars would just shut up, honestly. Like, the gender wars just shouldn't exist, it's pointless.

All it accomplishes is giving people headaches. istg",1
Says who?   SJC says NO SUCH THING,0
I’m not saying people should keep their hurts a secret. I’m saying that your mindset of “oh they will sit with what they’ve done” is not something that will happen and that you should process your hurt instead of wasting energy on calling people out. You can talk to others about it and process it in other ways. ,0
ngl Tell this to Facebook who literally banned my account again for calling someone ignorant. The term ignorant or foolish or arrogant or even an idiot does not hate speech they are real definitions of cognitive dissonance and decline. I am floored that the oligopoly of companies out there are literally rewriting the dictionary as we know it. fr,1
"Also cats as well, they can tear up a place too. I moved into a pet free building 2 years ago and just this past year the management company started to allow pets. It already sucks because most owners don’t pickup waste.",0
Medically induced termination of pregnancy.,0
"Será más fácil sancionar al padre de familia reclamante, que atacar el severo problema de bulling escolar que rebasa a las autoridades de la SEP. Qué más riesgozo que golpeen a otro estudiante o lo orillen a atentar contra el mismo por el acoso, o un padre desesperado que solo se desahogó (no grito ni se exaltó). Todo en su justa medida.",0
"I sometimes meet once a year with some of my friends. With some of them, maybe every 2 months and thats how we like it.

Choose people you feel comfortable around and don’t need to force yourself to something you’re not.
",0
We will love u forever jennie unnie❤❤❤❤❤❤❤❤❤<br>😊😊😊😊😊😊😊,0
"The way one comment can rewrite the whole video’s vibe is wild. Using Rumora, you start noticing how much the crowd steers laughs. istg",1
"I wish both sides of the gender wars would just shut up, honestly. Like, the gender wars just shouldn't exist, it's pointless.

All it accomplishes is giving people headaches.",1
"First question is, what where you doing in her gallery? That's private",0
like Me at age 45 hanging out with my fratbros (21) bullying my lame as sht son ngl,1
Sir agr koi puchy bagar  Kise ki simple  tsweer Kisi dosry ko send kry spacily larki ki to  Kon si dafa lgti h us py koi ASi dafa      b h kia,0
"wtf I would go with YTA.

I mean of course he was irresponsible by staying up late if he has a test in the morning, but its not like he did anything that impacted you in any way and it would literally cost you 15 seconds of your time going into his bedroom and literally kicking him out of bed.

Like do you even like each other, I couldnt see myself being an ass like that to my siblings to teach them a honestly worthless lesson. Its just pointless honestly and screams of some built up resentment on your side.
",1
Sir loan liya aor boht adda krti ai magr ab Jo liya us ph interest boht ha limit b km ha to is k Liye boht preshan hon kiya karon koi Hal bta sakty,0
What's your opinion? Sounds more like a pet peeve. ,0
"honestly Sadly, I became a victim of cyberbullying. One time, a very rude YouTuber insulted my friend Snowflake and made fun of her name. She said &quot;Why the so weird Snowflake&quot; I made a comment telling her if she has a problem, then she has to take her drama somewhere else. Then I blocked her and reported her to YouTube because I was defending my friends.",1
"Arrest blacks for the cracker, honky comments. I stupidity the n word originated from their location which at the time was Niger River in Africa.  Try pronouncing the name of an African in those days they would say Niger reference to their nationality at that time.  GROW UP tbh",1
&QUOT;CYBERBULLYING&QUOT; HUH? THAT&#39;S SOME FAKE ΒЅ.,1
"I disagree, I think this is a perfect opportunity to impose consequences on him so he learns. Its not  the end of the world, the consequences are minimal, wait a month and try again, not a doctors  appointment or a major event. ",0
wtf Racist loser with a face like that is crazy work,1
"What&#39;s next? Hypothetical crimes being punishable? Cue that black guy, I think he said, to paraphrase, &quot;What could be wrong with thoughts and ideas?",0
"I need to do a bit of research to see if my suspicion that a much higher percentage of christians are pro-life as opposed to the percentage of atheist that are, is true or jot.",0
like In this day and age it seems like anything that isn’t 100 percent peaches and cream and doesn’t sing kum bai ya and that doesn’t agree 100 percent with the ultra liberal view is considered hate speech. It’s getting out of hand anymore.,1
"Dude try to socialize with guys with similar interests, Or even just give them a compliment, It's a lot more smooth if you try to set it off as a ""Real one"" Instead of asking random guys to be friends. Trust me bro",0
"&gt;In general I consider myself an extremely responsible driver

Sounds great

&gt;I genuinely did not know the left lane is meant for passing. I stay in it all the time. I am the problem.

not sounding so responsible 

&gt; I'm so sorry to my fellow drivers, please forgive me. I will do better in future.

at least you’ve owned up to it.

  


",0
"seriously If you’re being cyber bully, do this number one block",1
THERE&#39;S A &QUOT;PREPARE TO BE OFFENDED&QUOT; REVOLUTION COMING. WEBSITES WILL RISE WHICH WILL ALLOW PRETTY MUCH ANYTHING EXCEPT DEATH THREATS. THE SNOWFLAKES WILL SELF CUT OVER IT AND NEED THERAPY! MARK MY WORDS!,1
"omg OP didn't 'punish' their brother. The brother knew he had an early driving test yet decided to stay up till 3am. Sure, no crime staying up late but the brother still knew he had an early start the next morning.

The brother was explicitly told by OP that they would not be waking brother up and that the brother needed to wake himself up and set alarms.

Then the brothers alarm did go off and he hit snooze. That's on the brother. 

The OP is not to blame in my opinion. The brother is old enough to be driving, they are old enough to be responsible for themselves and old enough to deal with the consequences of their actions. Or inactions in this case.",1
You better delete your account before this post becomes your 13th reason.,0
Cyberbully is bad. I caught someone saying haha and hate in West Malaysia Driving and I report him on roblox and kind of Similar to cyberbully,1
"bro YTA for being willing to laugh at people you love if they came to harm.  
NTA for refusing to drink it if you don't like the risk profile.

Former dairy farmer (goats and cattle) poking in-- ehh. The milk danger thing is a bit... over inflated.

It's pretty low risk from a single animal or two, especially one you deal with frequently and know their current health situation and have good sterilization procedures. The reason most larger than small scale producers \*NEED\* to pasteurize for safety is because they combine dozens-thousands of animals milk in tanks... one sick animal or failure to correctly sterilize one of hundreds of pieces of equipment can contaminate thousands (\~5-8000) of gallons of milk.

Roughly 700 people got food borne illnesses from raw milk a year, even though \~16.5 million (roughly 4.5% of us adults) drink raw milk annually (about half that number regularly).

I grew up drinking raw goat and cow milk regularly, farm and all (this was decades ago, no one thought much of it then.)  I've made just about every product you can make with raw goat and raw cow milk you can make.... and as far as I know, I have never gotten sick in 40+ years from it. I also live between two of the biggest amish communities in the US, they drink mostly unpasteurized raw milk, and it's very very rarely an issue. Shrug. The only time I ever got knowingly sick from milk, was pasteurized, but had gone over (suspect one of the kids took a drink from the jug.)  That makes quite a few people sick every year too and kills some as well.

Not trying to convince you to drink it, not trying to convince you to not drink it, everyone should do their own research, but trying to dispel some of the misconceptions people have about drinking raw milk, there is a LOT of fear mongering... to put it in perspective, the odds of getting struck by lightning in your lifetime (1 in \~15500) are about the same as getting salmonella/listeria/etc from raw milk per year of drinking it (1 in \~16000.)  In both cases, it's unlikely to happen.  Apply common sense of course, no babies, immune compromised, etc... (same as honey, live culture yogurt, under cooked eggs, etc.)

YMMV, but personally-- I would drink milk still warm from a cow/goat that appears healthy without hesitation. You couldn't pay me enough to drink from an unpasteurized milk tank at a commercial operation. I've milked cattle and had puss come out and tossed the result (we were a small operation), a large operation will not even notice and that goes right into the tank, and until it's processed, it can be pretty gross and dangerous... and more so the larger the operation gets (as long as the ppm of contaminates meets the standard, it can be processed and sold-- it's the liquid equivalent of the fda allowing a certain number of insect parts in various preserved solid foods.) ngl",1
Reminds me of that funny mustache man who was a painter,0
"wtf Both ARMYs (BTS fans) and Blinks (BLACKPINK fans) have huge, passionate fanbases, and like any big fandoms, there are always a few toxic individuals in the mix. But it’s not fair to label the entire group as toxic — the majority are just super dedicated fans who love their idols.<br><br>However, the toxicity usually shows up during fan wars, especially online — Twitter/X, TikTok, and comment sections can get wild when there’s a chart comparison, award show result, or even the smallest controversy.<br><br>Some common toxic behaviors seen from both sides include:<br>	•	Dragging the other group when their fave group achieves something.<br>	•	Spreading misinformation or old clips to cancel idols.<br>	•	Starting hashtags to trend hate.<br><br>But again, that’s a minority of the fandom. There are also lots of mature, respectful ARMYs and Blinks who support both groups, promote mental health, and even do charity projects in their idols’ names.<br><br>So it’s not about ARMY vs Blinks being toxic — it’s about individual behavior, not the whole fandom. Pls pin my comment it’s really need to pin",1
"IT DEFINITELY DOESN’T HELP. IT’S SEXUAL ABUSE, EXTREMELY WRONG AND EVEN ILLEGAL DEPENDING ON WHERE YOU ARE. IT’S LEGITIMATELY TRAUMATISING. I ONCE ACCIDENTALLY WALKED IN ON MY PARENTS DOING IT AND THAT ALONE WAS ALREADY DISGUSTING ENOUGH. I CAN’T IMAGINE HOW THESE POOR PEOPLE FEEL. ",1
"My 2 cents here.  I’m a 76 year old mother, did all she did and more. Living off my retirement.  These children came to this world because she (or she and quiet hubby) wanted them.  They did not ask to be born.  If she’s in need, her spouse should be her support first.  Our children do not owe us a thing.  We brought them to this world.  It might be different if she was a widow with zero income.",0
They too creative HAHAHAHHAHA,0
That's where you're wrong.  It's actually not the job of the government to feed others people's kids.,0
"lol Make sure your law firm isn&#39;t the last to get into BCI terrorism lawsuits, DARPA with their military grade N3 our experimenting on our citizens people like Elon are selling technology to the elites to watch The matrix inside their minds, I&#39;ve been hit with this technology and can&#39;t wait for a lawyer like you to start a lawsuit against some of the richest idiots in this country. smh",1
"I think it&#39;s obvious what hate speech is. You know it when you see it or hear it. And anyone hinting at the &quot;terribleness&quot; of &quot;woke&quot; should be considered hate speech as well. It&#39;s about time for humanity to become &quot;woke&quot; and realize we are all more similar than different. <br>Furthermore, hate speech should not be protected under the first amendment. It&#39;s not ambiguous as many of you seem to think. I think it&#39;s obvious. The kind of rhetoric that stirs up animosity towards a group of people is considered hate speech. Rude language is free speech but certain words and phrases that deliberately stirs up intense feelings of hatred towards a group of people should be banned. Enough is enough.",0
when she said so funny tou coud tell it in her voice she didn mean it and she probly felt like trash,1
"omg 2 comments... 

You are an idiot!!! 

You are probably right.  tbh",1
I hate canned spinach.,0
What a disgusting thing to say. ,1
When palestinains were also fighting bullies ( isreal ) they were shamed (called terrorists ),0
NTA  He FAFO. Who the hell games till stupid o'clock they before a test!? Knowing they can't wake up. He deserved to miss it.  ,1
omg This supposed skit solved bullying in under two minutes. istg,1
&quot;Dear all trick or treaters&quot; the sum of Instagram comments,0
I KNEW THAT WAS BUBBLES,1
"Maybe he was so stressed about his test that he wouldn’t have been able to sleep. When I have something important the next day, I often lay wide awake for hours with racing thoughts, and can’t fall asleep until I distract myself.

Why are people acting like the brother staying up late was a personal attack against OP? I’m sure we’ve all done it at some point. It would’ve taken OP no effort to just wake him up. ",1
&quot;🥷 deluxe&quot; 💀,0
seriously Si quién en la escuela no pone un alto él padre se vio obligado a tomar acciones no justificadas hoy en día los que hacen bullyn sé juntan  contra una sola persona,1
You are far more than just a job.,0
"THE RASCAL SLUR DEPENDS ON<BR> <BR>THE SITUATION <BR><BR>THE ENVIRONMENT TO WHAT THE INDIVIDUAL GREW UP IN<BR><BR>THE CURRENT ENVIRONMENT THEIR IN<BR><BR>MAYBE GENERATIONAL TRAUMAS THEIR BLOODLINE CARRIES <BR><BR>THERE&#39;S MORE TO IT THAN THINKING ITS SO LINEAR AS THAT, IN OTHER WORDS SO SIMPLE AS THAT",1
THAT&#39;S SO DISGUSTING HATERS THINK V SHOULD DATE THEM HELLLLLOOO LIKE WTF,1
"OH, CERTAINLY NOT - KNOWING THAT KIND OF STUFF WAS DEFINITELY ON THERE….WHICH YOU KNOW BECAUSE YOU WERE THE PRODUCER AND THE ACTOR….AND YOU DIDN’T DO LITERALLY ANYTHING TO FIGURE OUT WHERE TO FIND SOMETHING THAT SAYS RESET. OR HAVE THE PEOPLE FROM THE STORE WHERE YOU JUST BOUGHT YOUR NEW ONE DO IT. OPEN UP THAT SAFARI APP. ASK SEVERAL STRANGERS. I MEAN, ANYTHING. CHOOSING TO LEAVE STUFF LIKE THAT ON THERE IN THE FIRST PLACE IS HONESTLY DISGUSTING, BUT TO GIVE IT TO YOUR CHILD’S BOYFRIEND - OR ANY CHILD FOR THAT MATTER - IS A DIFFERENT LEVEL. I’D RUN OVER IT WITH MULTIPLE TANKS BEFORE WILLINGLY HANDING SOMETHING OVER WITH EVEN ONE TINY SHRED OF CONTENT EVEN IN THE SAME REALM AS THAT OF ME ON THERE. THAT WOULD BE BOTH INAPPROPRIATE AF AND MORTIFYING IN THE MOST LITERAL AND SIGNIFICANT SENSE OF THE WORD.

THEN THERE’S BEING ON OP’S POSITION AND I’M NOT EXACTLY SURE HOW I’D DESCRIBE ALL OF THAT, BUT MOST OF THE SAME ADVERBS AND ADJECTIVES ABOVE WOULD BE INCLUDED LOL.",1
"Okay then, let’s just keep having more children because sexual education is missing. And what is the greater sin: bringing a child into the world when you don’t want them, then making them suffer because you can’t afford to raise or educate them, or taking action while it is still a small embryo in the first weeks after you took the test and found out? 🤷🏼",0
"wtf If this doesn't teach the brother any introspection, then he is just an entitled person, who refuses to learn from his mistakes. 

The brother already knew that he wouldn't get any help in the morning, so he should have found another solution. He needs to start living on his own, if he isn't able to be responsible at his age, that would force him to learn the basic things, like going to bed on time and waking up.  ngl",1
"wtf Very clear guidelines how to deal with cyber harassment.  Wanna add that just like any other victim of cyber bullying, cyberbullied kids also experience anxiety, fear, depression, and low self-esteem. They also may  experience physical symptoms, and struggle academically..",1
what is wrong with insta comments bro💀,0
"Going no contact at 23 was hard, but it was the healthiest choice I made. Growing up in a toxic, controlling environment really affected me, but choosing independence slowly changed my life.",0
Pretty good advice actually,0
"WOW IT SURPRISES ME THAT SO MANY PEOPLE SAYING NOT THE ASSHOLE. I HAVE A BROTHER TOO. DO MOST PEOPLE HERE NOT HAVE A SIBLING? SURE IT'S NOT YOUR RESPONSIBILITY ESPECIALLY SINCE HE'S AN ADULT BUT TELL ME WAS IT REALLY WORTH IT TO DO THIS? WOULD BEING KIND TO YOUR BROTHER BE TOO MUCH FOR YOU TO HANDLE? IT WOULD TAKE LESS THAN A MINUTE TO GO IN HIS ROOM AND YELL ""HEY DUMBASS WAKE UP!"" HE'S YOUR BROTHER, YOU HELP YOUR FAMILY ESPECIALLY IF IT'S SOMETHING THAT REALLY WOULDN'T GET IN YOUR WAY AT ALL. I REALLY HOPE THIS DOESN'T RUIN YOUR RELATIONSHIP WITH YOUR BROTHER..

 YTA
",1
"Both ARMYs (BTS fans) and Blinks (BLACKPINK fans) have huge, passionate fanbases, and like any big fandoms, there are always a few toxic individuals in the mix. But it’s not fair to label the entire group as toxic — the majority are just super dedicated fans who love their idols.<br><br>However, the toxicity usually shows up during fan wars, especially online — Twitter/X, TikTok, and comment sections can get wild when there’s a chart comparison, award show result, or even the smallest controversy.<br><br>Some common toxic behaviors seen from both sides include:<br>	•	Dragging the other group when their fave group achieves something.<br>	•	Spreading misinformation or old clips to cancel idols.<br>	•	Starting hashtags to trend hate.<br><br>But again, that’s a minority of the fandom. There are also lots of mature, respectful ARMYs and Blinks who support both groups, promote mental health, and even do charity projects in their idols’ names.<br><br>So it’s not about ARMY vs Blinks being toxic — it’s about individual behavior, not the whole fandom. Pls pin my comment it’s really need to pin",1
"Yeah, also, there is so much more to plastic arts than just technique. Intention, in art, carries weight as well, and his show and paintings seem very noble and simple (in a good way) to me, which is more than enough to consider them very not awful. ",0
Those virgins won't be waiting for you,0
"lol Very clear guidelines how to deal with cyber harassment.  Wanna add that just like any other victim of cyber bullying, cyberbullied kids also experience anxiety, fear, depression, and low self-esteem. They also may  experience physical symptoms, and struggle academically.. lol",1
"omg ^^^^AUTOMOD  **Thanks for posting! READ THIS COMMENT** - ***MAKE SURE TO CHECK ALL YOUR DMS***. **This comment is a copy of your post so readers can see the original text if your post is edited or removed. This comment is NOT accusing you of copying anything.**

I (18 f) have been friends with my best friend,  Mary (fake name), for around 5 years since high school. She dated her ex, James (fake name), for about a year. She’s doing her makeup and says “let’s call James to see if my eyeliner is good, don’t tell Noah (finance?. fake name)” I thought it was a joke but turns out it wasn’t, She l called him for over 30 minutes?!

 here’s little things he has said that have set red flags of for me: calling her “sweetheart.” Asking “when are you coming over next?” Offering for her to go to his place, Saying they spoke in January. I’ve never been in a relationship but surely this is cheating or at the least infidelity right?

I love her but she’s done stuff like this in the past, she’s been with Noah for a year in around two weeks and was with James for longer than that. She told me that she’s thinking of breaking up with him but that still doesn’t make it ok right? I don’t want to ruin our friendship after so long she helped me through a lot. AITA for not telling him she’s talking to her ex.

*I am a bot, and this action was performed automatically. Please [contact the moderators of this subreddit](/message/compose/?to=/r/AmItheAsshole) if you have any questions or concerns.* smh",1
Sister mujhe abhi call ai hai ek number per call per harassment likha howa a raha tha,1
I believe in protecting all forms of speech. It only becomes a problem when what is said evolves into violence. Political correctness has gone way too far.,0
Didn't realise my existence had such an impact on your life! ,0
Ahaha. Sorry. You suck (is that mean enough?) ,0
Just something else you’re wrong about. NBD,0
like as in he fits all ur standards?,0
I hate jennie 🤬🤬🤬🤬🤬🤬🤬🤬🤬🤬🤬🤬🤬🤬🤢🤢🤢🤢🤢🤢🤢🤢🤮🤮🤮🤮😴🤮😴🤮🤮🤮🤮🤮🤮🤮🤮🤮🤮🤮🤮🤮🤮🤮🤮🤮🤮😴😴😴😴😴🤮🤮🤮🤮🤮🤮🤮🤮🤮🤮🤮🤮🤮🤮🤮🤮🤮🤮🤮🤮🤮🤮,0
honestly NTA  He FAFO. Who the hell games till stupid o'clock they before a test!? Knowing they can't wake up. He deserved to miss it.  ,1
The is no such thing as hate speech.,0
like People are a lot stupider than you give them credit for. tbh,1
"Man, I am so sorry you are going through this. You are definitely not a failure for hitting a rough patch, especially when the system is failing you like this. Keep your head up, you are doing your best for your kid and that honestly speaks volumes.

",0
"Silverfish means you've got something damp. Rollie pollies means you've got some decaying wood. 

Most spiders (at least where I live) mean you've got a friendly fly annihilator. I'm cool with most spiders but we did have one a while back that had audible footsteps. What the fuck?
",0
TELL THIS TO FACEBOOK WHO LITERALLY BANNED MY ACCOUNT AGAIN FOR CALLING SOMEONE IGNORANT. THE TERM IGNORANT OR FOOLISH OR ARROGANT OR EVEN AN IDIOT DOES NOT HATE SPEECH THEY ARE REAL DEFINITIONS OF COGNITIVE DISSONANCE AND DECLINE. I AM FLOORED THAT THE OLIGOPOLY OF COMPANIES OUT THERE ARE LITERALLY REWRITING THE DICTIONARY AS WE KNOW IT.,1
"Yes it’s been like it for a few days now, at least it has for my friends and family.",1
"wtf First of all those are suffering from the hate speech&amp;hate doings needed to be  categorised, and the causes,impacts ,Individually or collectively, violence or non-violence acts, social or unsocial, economic or uneconomic and so on because the Indian casteism structural dominance strategies constitutionally,democratically, socially,educationally economically, intentionally,traditionally, politically,politely, categorically isolated,ignored,sidelined, slaved blocked by the hate inhumane acts against the marginalized communities for thousands of years still the hatred casteism structural dominants atrocity crimes  against the Indian poor communities, minorities, minority christians never been properly dealt with the atrocities,the criminal justice systems indirectly politically supporting as their dominance are law makers,in forces of law enforcement agencies,and other administrative <a href=""http://areas.in/"">areas.In</a> my 38 years of my government service the painful sufferings,losses,life threats,attacks,lynching attempts,harassments, discriminations,punishments,making financial hardship blocked/stopped the monthly salary,other entitled, improperly calculated superannuation retirement pension&amp;gratuity  payments and so.I have my own grievances petition to lodge for the justice for my lifelong sufferings and the losses of financial and moral for the hate atrocity crimes of the co workers and the superior officers.Being a minority Christian I have been silenced with no justice for the hate crimes in my government work places even after I petitioned for justice.Please tell me where can get the justice for me and others like me.",1
Jennie UnNiE 🎀🎀🎀🎀🎀🎀🎀🎀🎀🎀🎀 love you so much 🎀🎀🎀🎀🎀🎀🎀🎀🎀🎀🎀🎀,0
That sounds really painful for the hand,0
1815 IS TOTALLY USELESS. I CALLED THEY REFUSED TO HELP,1
"They're not saying ""the greatest artist"". They're saying ""better than me"".",0
AYO comments are wild😭✌️🥀,0
bro We need your help there was a qari who was harassing me by bell again and again and kicking the gate from outside <br><br>Multan pakistan<br>Buch villas jamia masjid,1
"I know this, you know this... maybe some people don't know this and think he makes the greatest art? ",0
Lahor maveshi mandi mai parchi k extr charg kye ja rahy,0
"Did they take footprints at the hospital when they were born? My cousin has identical twins, and she used to put clear fingernail polish on one the oldest ones big toe.",0
Did I piss you off Argo? You're very invested in this unpopular opinion lol ❤️‍🩹,0
"NTA He's a gross asshole. And your mom's ok with being his side chick amd knowing he has other side chicks? Unless it's consensual non-monogamy, that's gross, too. He seems like a real winner. I say this as a 41 year old woman who used to be in a polycule. ",1
"lol I’ve had similar thoughts about my late daughter. The last time we spoke she was hysterical, a few months into recovery, but she talked about how her mind never settled ( I believe she had a psychotic breakdown) because she was absolutely certain the DEA was coming for her. Told me it never let up, that even when she didn’t talk about her fears they just didn’t stop. It’s been haunting to contemplate, but after nine months of detoxing I believe she gave up. This is a club that nobody talks about, I’m sorry you’re included. Coming up on two miserable unending years of misery, I spend a majority of my time vacillating between thinking she couldn’t see a way out and knowing how fucking hard she tried , talking about how your sweet child’s mind brain was lying to her is poignant, I know my daughter’s mind betrayed her and finding a way out is all she wanted ",1
"Young man, there&#39;s no need to feel down, I said<br>Young man, pick yourself off the ground, I said<br>Young man, &#39;cause you&#39;re in a new town<br>There&#39;s no need to be unhappy<br>Young man, there&#39;s a place you can go, I said<br>Young man, when you&#39;re short on your dough you can<br>Stay there and I&#39;m sure you will find<br>Many ways to have a good time<br><br>[Chorus]<br>It&#39;s fun to stay at the Y.M.C.A. <br>It&#39;s fun to stay at the Y.M.C.A. <br>They have everything for young men to enjoy<br>You can hang out with all the boys<br>It&#39;s fun to stay at the Y.M.C.A. <br>It&#39;s fun to stay at the Y.M.C.A. <br>You can get yourself clean, you can have a good meal<br>You can do whatever you feel<br><br><br><br><br>[Verse 2]<br>Young man, are you listening to me? I said<br>Young man, what do you want to be? I said<br>Young man, you can make real your dreams<br>But you&#39;ve got to know this one thing<br>No man does it all by himself, I said<br>Young man, put your pride on the shelf<br>And just go there, to the Y.M.C.A. <br>I&#39;m sure they can help you today<br><br>[Chorus]<br>It&#39;s fun to stay at the Y.M.C.A. <br>It&#39;s fun to stay at the Y.M.C.A. <br>They have everything for young men to enjoy<br>You can hang out with all the boys<br>It&#39;s fun to stay at the Y.M.C.A. <br>It&#39;s fun to stay at the Y.M.C.A. <br>You can get yourself clean, you can have a good meal<br>You can do whatever you feel<br><br>[Verse 3]<br>Young man, I was once in your shoes, I said<br>I was down and out with the blues, I felt<br>No man cared if I were alive<br>I felt the whole world was so jive<br>That&#39;s when someone came up to me and said<br>&quot;Young man, take a walk up the street<br>It&#39;s a place there called the Y.M.C.A. <br>They can start you back on your way&quot; ngl",1
This should be the top comment.,0
I like how they just talked about “cyber bullying” and not the cp on their phone💀,1
"It should be illegal to do this on a Friday or at the end of the week 

You need time to regroup and remuster and sort your shit out. 

You have got this… go climb a hill… swim in cold water and eat vegetables this weekend! 

Rewrite you CV and tell yourself how fucking awesome you actuallly are and what a bag of dicks you old job is! 
Then Monday kick the shit out of finding a new job and make more money. 

Did you get redundancy? If you did- buy a new outfit and look fly for those interviews! 

 istg",1
Then remain out of home as well,0
IF YOUR FRIENDS WANT TO DO CYBERBULLYING YOU HAVE TO STAY OUT OF IT AND NOT BE INVOLVED IN IT OR ELSE KARMA WILL COME BACK TO BITE YOU HARD,1
"Came here to laugh, but ended up feeling sad!",0
"Ultimate (by Denzel curry)                           I am the one, don&#39;t weigh a ton<br>Don&#39;t need a gun to get respect up on the street (okay)<br>Under the sun, the bastard son<br>Will pop the Glock to feed himself and family (sheesh)<br>By any means, your enemies my enemies<br>We wet them up like a canteen (damn)<br>The yellow tape surrounds the fate<br>Don&#39;t have a face so now you late, open the gates<br>Great, eliminate like ElimiDate (woo)<br>Hey, young boy had to penetrate (ooh)<br>Face, young boy done caught a case (woo)<br>Bang, now his mama living with the pain (uh)<br>Wait, doctor says he&#39;s gonna stay (huh?)<br>Let him get the Senzu Bean so he regenerate (ooh)<br>Now a nigga harder than the head of the state (damn)<br>Denzel Curry is the new candidate (damn)<br>Ultimate, alternate, you are the opposite<br>Stop this shit, chop your esophagus (esophagus)<br>Bitches be boppin&#39; it, bow down and poppin&#39; it<br>Dropping it in her esophagus (esophagus)<br>She get so nasty, in public she classy<br>Perhaps she is able to swallow it<br>Girl, I can make you a star (star)<br>Then I put her ass on Apollo, bitch (damn)<br>Bitch, I am ultimate, behold my awesomeness<br>Narcissist, part time an arsonist (flame)<br>Rippin&#39; through cartilage, I am the hardest, bitch<br>Wrap it up, put in sarcophagus (damn)<br>Dearly departed, it&#39;s done when it started<br>So now that I&#39;m living so harmonious (harmonious)<br>Feelin&#39; like Spartacus, Curry the ultimate<br>I am the best, there&#39;s no politics, bitch, I&#39;m ultimate<br>Ultimate<br>Bitch, I&#39;m<br>I am the one, don&#39;t weigh a ton<br>Don&#39;t need a gun to get respect up on the street (okay)<br>Under the sun, the bastard son<br>Will pop the Glock to feed himself and family (sheesh)<br>By any means, your enemies my enemies<br>We wet them up like a canteen (damn)<br>The yellow tape surrounds the fate<br>Don&#39;t have a face so now you late, open the gates<br>Ultimate, infinite, flow is opium<br>Open the internet, photosynthesis<br>Put up parentheses, temporary<br>Very scary if I feel like Dirty Harry<br>Just might bust a bitch, never knew my life<br>But yet the question is, is he fake, is he real?<br>What the message is, chop a bitch nigga up<br>I&#39;ma sever it when I sever shit<br>I kill &#39;em, no Kony, these niggas ain&#39;t homies<br>Claim you the homie, I turn into Broly<br>Dropping melodic, enter the cosmic<br>Flow like a prophet, lyrical toxic<br>Flow like a foreigner, I&#39;m the torturer<br>Out of South Florida, call the coroner<br>Killed in the corridor, I&#39;m the overlord<br>Rhymes like a sorcerer, I&#39;m an Animorph<br>Bitch, I&#39;m a beast (beast)<br>Nigga, you tell me who fuckin&#39; with me? (Me)<br>K to the I to the N to the G (G)<br>Claim you the hottest, but I disagree (&#39;gree)<br>Better love something than get a degree (&#39;gree)<br>This for Lord Infamous, so R.I.P<br>Arrivederci, bitches lookin&#39; thirsty, ridin&#39; through the dirty<br>Like it&#39;s mandatory, endin&#39; of the story<br>I am the one, don&#39;t weigh a ton<br>Don&#39;t need a gun to get respect up on the street (okay)<br>Under the sun, the bastard son<br>Will pop the Glock to feed himself and family (sheesh)<br>By any means, your enemies my enemies<br>We wet them up like a canteen (damn)<br>The yellow tape surrounds the fate<br>Don&#39;t have a face so now you late, open the gates ngl",1
"STILL NOT OP'S PROBLEM.  

IT'S NOT UNREASONABLE FOR HER TO ASSUME THAT SINCE HE HEARD THE ALARM, EVIDENCED BY HIM SNOOZING IT, HE'D HEAR IT AGAIN, WAKE TF UP FOR HIS IMPORTANT DRIVING TEST, AND *GET* UP.  AND IF THE MOTHER KNEW IT'S A HABIT OF HIS NOT TO, *SHE* SHOULD HAVE GOT UP TO GET HIM UP. HE'S NOT OP'S KID, OR RESPONSIBILITY.",1
honestly heres the thing with insta comments its a gamble for dark jokes or people being making fun of others or disgusting vile claims or pedophilla,1
"wtf NTA

JFC are these ages accurate? By 22 I had already moved across the country twice, got married, and bought a house. Not saying that should be anyone's goal, but the perspective im looking at your brother from.

My parents also wanted me to parent my younger brother and pinned his screw ups on me. How did that work out? Hes mid 20s still living with them. No savings, no goals, not going to school. Thats what happens when you treat grown ass adults like children",1
Verbal abuse ki complaint ki jasakti hai? fr,1
seriously YouTube gets to redefine the definition of hate speech to mean whatever they want to bully it’s users. I have never in my 48 years on this planet had my 1st amendment rights violated. Till YouTube was bought by google!!,1
"no mam this is not a scam i work for microsoft your internet has a virus, please go to target and get $500 worth of gift cards please mam, mother bitch",0
ONCE A BOY ASKED ME TO SEND A PICTURE OF MY BUTT THROGUH TEXT. IT WAS A JOKE BUT IT STILL WAS INAPPROPRIATE,1
What the hell is the last one😂😂😂😂😂😂😂😂😂,0
Law by a stupid monkey,1
Ugh why do some bts fans (aka army’s) have to be so hateful😢😢 (and how I said some not all),0
"Yall i am a: blink, army , oncie, eyekon and more i support all fandoms and respect all of them",0
"INFO. My first reaction was n t an until I thought of one possibility.

Are you buying the groceries that she uses to cook for you most of the time? That is a different question. She needs to be honest that she doesn’t want to pay for the food AND cook it for you, and you need to be honest that you should be paying for food you eat.

If that is not the case, then you are n t a.

Your gf is intentionally manipulating you to pay for her groceries. This is not an oversight, a small detail, or a surprise.

She knows she owes you for all the times you asked and she failed to pay you in the past. She knows the amount is affecting your budget and ability to live within your means. She knows she is pocket g the money you spend on her food, AND she k owes she is spending it elsewhere and making no effort to pay you back.

You could probably look back at old messages and add up how much she owes you.

Personally, in your shoes, I would be rethinking the relationship. I can’t imagine wanting to entrust and build my life linked to a person who manipulates me to my detriment and their benefit.

But if you want to put more effort into trying to get her to do right by you, you could:

1. Tell her what her past non-payments add up to (rough, incomplete, but the bulk of it). Since she thinks it’s a small amount and that she intended to pay you (since she expected you to trust her to do that), she can pay up.

2. For all the same reasons, she can also give you $x in advance for the week. She has that small amount of money and can trust you to spend it on her grocery requests (up to the amount she paid you).

3. She can go to the trouble of shopping for you for the next several weeks.
Besides the money, it’s the time and trouble she keeps putting you to, on her behalf.
",1
دھوکہ سے بینک اکاؤنٹ سے پیسے نکلوا لیے جائیں ۔۔؟؟؟,0
"seriously The rascal slur depends on<br> <br>the situation <br><br>The environment to what the individual grew up in<br><br>The current environment their in<br><br>Maybe generational traumas their bloodline carries <br><br>There&#39;s more to it than thinking its so linear as that, in other words so simple as that",1
At least the last several times he did this all the actresses were his friends lol,0
HOW TO END CYBER BULLYING:<BR>STEP 1: LEAK HIS ADDRESS ON THE INTERNET<BR>STEP 2: GET HIM AN GOOD OL’ AFRICAN PARENT WOOPIN,1
"They actually did, it wasn’t a rumor",0
"I've heard of twinks, otters and even bears but a Sloth Bear? Naw, you're a first.  

",0
Decided she was bi only to find that men and women both...absolutely don't want her.,0
"You don’t need to lol you are correct.

That's like asking if most school busses are yellow.",0
lol wait ten plus years. Trust me. ,0
Can Nev and max com???😂😂😂,0
"bro It should be illegal to do this on a Friday or at the end of the week 

You need time to regroup and remuster and sort your shit out. 

You have got this… go climb a hill… swim in cold water and eat vegetables this weekend! 

Rewrite you CV and tell yourself how fucking awesome you actuallly are and what a bag of dicks you old job is! 
Then Monday kick the shit out of finding a new job and make more money. 

Did you get redundancy? If you did- buy a new outfit and look fly for those interviews! 

 istg",1
Why do you think you can’t answer the question?,0
"Asking for help isnt being failing father. Your good man. Is there a grocery outlet anywhere your at.  Got us through last year will limited funds. Potatoes and eggs and ketchup are lifesaver.  Tortillas and cheese   sausage, hit up a church for help. God bless you and your boy bless will get out of this... fr",1
"He’s got multiple alarms going off, which he managed to ignore. Why would a five second knock make any difference?",0
"True, but the consumer can’t do much about what the producer does because meat is a detrimental part of a person’s diet (I do know protein comes from other sources, meat just has the most) but if an animal lives its life in bliss and the only bad day it has is the day it dies is fine in my opinion, problem is that factory farms pack animals together in the name of quantity. Hunting is also fine in my opinion because if you’re going out and getting your own food, you aren’t really contributing to it.",0
A sincere left lane apology is so rare people don’t even know how to react ,0
"cyber bullying is no joke, it can make anybody become arrogant and condescending believing they can get away with it. As Mike Tyson says, &quot;Social media made y&#39;all way too comfortable with disrespecting people and not getting punched in the face for it.&quot;",1
"YEA THERE IS MERIT, AND THE OPINION WOULDNT BE UNPOPULAR IF HE DIDNT WORD IT SO STUPIDLY AND USED PHRASING CLOSER TO YOURS. 

OPS “IT IS BEST FOR SOCIETY THAT SOME PEOPLE DIE” IS UNPOPULAR BECAUSE ITS DUMB. 

“SAFETY STANDARDS THAT ARE TOO STRINGENT CAN CAUSE JUST AS MUCH OR MORE HARM THAN THEY PREVENT”, LESS UNPOPULAR AND THE SAME POINT OP IS TRYING TO MAKE. ",1
I've had warm refill drinks before.,0
"NTA. Your brother is a grown adult. If getting somewhere, literally anywhere, were a priority to him, he would make sure he got there. He would not be staying up playing games until 3am, and then wanting somebody else, literally anybody else, to be his mommy and get him out of bed. His driving is not your problem or responsibility.  lol",1
Mujhe complaint karni hai,0
oh then i think it depends on the situation,0
"He shouldn't have stayed up late. But that doesn't mean you take it upon yourself to ""teach him a lesson about personal accountability"" by making him miss a test and have him reschedule it.

This will not teach his brother introspection. It will just create conflict and its an unhealthy approach, period.

I wouldn't even treat a roommate like this, let alone a brother I grew up with for 2 decades. smh",1
Yo como madre de familia aria lo mismo  x mis hijas hoy día no debemos permitir bullying creo a ningún padre le gusta que sus hijos reciban este tipo de conductas hacia nuestros hijos. istg,1
That’s why you have to pause think online you never know if you are bullying someone smh,1
remember when Quentin cast himself as the one to suck Salma Hayeks toes lol,0
A person in my class is black and was wearing a black sweater and someone said his sweater is the same as his skin thats racist 😭🥀🗿,0
"YTA for being willing to laugh at people you love if they came to harm.  
NTA for refusing to drink it if you don't like the risk profile.

Former dairy farmer (goats and cattle) poking in-- ehh. The milk danger thing is a bit... over inflated.

It's pretty low risk from a single animal or two, especially one you deal with frequently and know their current health situation and have good sterilization procedures. The reason most larger than small scale producers \*NEED\* to pasteurize for safety is because they combine dozens-thousands of animals milk in tanks... one sick animal or failure to correctly sterilize one of hundreds of pieces of equipment can contaminate thousands (\~5-8000) of gallons of milk.

Roughly 700 people got food borne illnesses from raw milk a year, even though \~16.5 million (roughly 4.5% of us adults) drink raw milk annually (about half that number regularly).

I grew up drinking raw goat and cow milk regularly, farm and all (this was decades ago, no one thought much of it then.)  I've made just about every product you can make with raw goat and raw cow milk you can make.... and as far as I know, I have never gotten sick in 40+ years from it. I also live between two of the biggest amish communities in the US, they drink mostly unpasteurized raw milk, and it's very very rarely an issue. Shrug. The only time I ever got knowingly sick from milk, was pasteurized, but had gone over (suspect one of the kids took a drink from the jug.)  That makes quite a few people sick every year too and kills some as well.

Not trying to convince you to drink it, not trying to convince you to not drink it, everyone should do their own research, but trying to dispel some of the misconceptions people have about drinking raw milk, there is a LOT of fear mongering... to put it in perspective, the odds of getting struck by lightning in your lifetime (1 in \~15500) are about the same as getting salmonella/listeria/etc from raw milk per year of drinking it (1 in \~16000.)  In both cases, it's unlikely to happen.  Apply common sense of course, no babies, immune compromised, etc... (same as honey, live culture yogurt, under cooked eggs, etc.)

YMMV, but personally-- I would drink milk still warm from a cow/goat that appears healthy without hesitation. You couldn't pay me enough to drink from an unpasteurized milk tank at a commercial operation. I've milked cattle and had puss come out and tossed the result (we were a small operation), a large operation will not even notice and that goes right into the tank, and until it's processed, it can be pretty gross and dangerous... and more so the larger the operation gets (as long as the ppm of contaminates meets the standard, it can be processed and sold-- it's the liquid equivalent of the fda allowing a certain number of insect parts in various preserved solid foods.) ngl",1
YouTube doesn&#39;t protect me. They help the bullies over me.,0
I will discomobulate Caesar,0
HERES THE THING WITH INSTA COMMENTS ITS A GAMBLE FOR DARK JOKES OR PEOPLE BEING MAKING FUN OF OTHERS OR DISGUSTING VILE CLAIMS OR PEDOPHILLA,1
"Let people say whatever they want so you know who the racist bigots are, and can avoid them in your life.",0
"bro i really am, and i feel weird and bad that i did that, i love sharing, but when you abuse it, it’s draining, because they take too much. repeatedly ",1
"<a href=""http://www.youtube.com/results?search_query=%23stopfanwar"">#stopfanwar</a> <br>Guys spread this everywhere!!!!!!",0
"Yea this is extremely worrying. Slamming toddler heads with toy hammers? Wtaf

Speak to someone IRL before this behaviour rears its ugly head again ",1
"\&GT;I FEEL LIKE NO GOVERNMENT AGENCY OR HOSPITAL OR WHATEVER SHOULD EVER BE ABLE TO DICTATE WEATHER WE OR SOMETHING (LIVING) APART OF US SHOULD DIE, NOT EVEN A PERSON SHOULD BE ABLE TO DECIDE IF ANOTHER GETS TO LIVE OR DIE

WHILE I AGREE THAT NO GOVERNMENT AGENCY SHOULD BE ABLE TO DICTATE WHETHER SOMEONE SHOULD DIE, I DON'T THINK ABORTION IS THAT SIMPLE. FIRST OF ALL, I THINK IT DEPENDS ON WHAT AGE THE FETUS IS. IF IT'S A 7 MONTH OLD BABY IN THE WOMB, THAN IT ALREADY HAS A DEVELOPED BODY AND SEMI-DEVELOPED BRAIN SO 100% IT'S ALIVE. BUT A 4 WEEK OLD FETUS IS SCIENTIFICALLY NO DIFFERENT THAN A CLUMP OF CELLS. IT HASN'T EVEN DEVELOPED LIMBS SO IT'S NOT THE SAME AS POINTING TO A RANDOM PERSON WHO'S BREATHING AIR AND SAYING ""YOU SHOULD DIE"".

\&GT;ADOPTION IS ALSO AN OPTION ASWELL

THE ADOPTION/FOSTER CARE SYSTEM IN AMERICA IS STRAIGHT TRASH. IT'S RAMPANT WITH SEXUAL, PHYSICAL, AND EMOTIONAL ABUSE. KIDS IN THE ADOPTION SYSTEM ARE AT AN INFLATED INCREASE OF NOT ONLY ABUSE, BUT HOMELESSNESS. AND IT HASN'T CHANGED IN A LONG, LONG, TIME SO I DON'T THINK IT'LL CHANGE FOR A WHILE TO COME. IT'S ARGUABLY ONE OF THE WORST OPTIONS. 

\&GT;IF YOU WANT THE MOST DISGUSTING CRIMINAL YOU SHOULD EVER THINK OF TO ACTUALLY SUFFER...GOVERNMENT AGENCIES SHOULD NOT HAVE THE RIGHT NOR THE POWER TO TAKE A LIFE

USUALLY SOMEONE IS ON DEATH ROW FOR 19-22 YEARS, LEAVING AMPLE TIME TO FIND OUT IF THEY'RE INNOCENT. I THINK THAT STAT YOU FOUND IS TO ALL PEOPLE SENTENCED TO EXECUTION, NOT JUST THE ONES WHO ARE ALREADY DEAD. 

ULTIMATELY, I THINK THAT IF THE FETUS IS UNDER A CERTAIN AGE THAN NO ONE EXCEPT THE PARENTS SHOULD BE ABLE TO DECIDE WHAT TO DO WITH IT. A 2 WEEK OLD FETUS SHOULDN'T HAVE THE SAME RIGHTS AS A 7 MONTH OLD BABY. ABORTION IS DEFINITELY A RIGHTS ISSUE BECAUSE THE FETUS IS LITERALLY INSIDE THE MOTHERS BODY...THE GOVERNMENT FORCING PEOPLE TO GIVE BIRTH TO BABIES IS ALWAYS GOING TO BE MET WITH PROTEST, ESPECIALLY WHEN IT ENDANGERS THE MOTHERS LIFE. 

WHEN YOU PUT A BAN ON ABORTION THAN WHAT'S STOPPING STATES FROM PREVENTING WOMEN WHO ARE LITERALLY HAVING MISCARRIAGES TO NOT HAVE THE CHOICE TO ABORT IT BEFORE THE MOTHER DIES?? AND WHAT'S STOPPING STATES FROM DECIDING THAT CHILDREN WHO HAVE BEEN RAPED SHOULD GIVE BIRTH?? IF YOU COMPLETELY BAN IT OUT RIGHT THAN ALL THESE INDIVIDUAL CIRCUMSTANCES WILL END UP WITH THE MOTHERS FLAT OUT DYING",1
Assalam walekum sasural wale mujh mart ha Gali jatha,0
and you can tell she doesnt feel bad at all.,0
"This feels equivalent to watching a video on simple home cooked meals, like modified instant ramen, and commenting on how it's not as good as fine dining. ",0
honestly She wants a laugh but all she really needs to do is look in a mirror. She's just a walking joke in herself. istg,1
"omg Defining hate speech is like trying to bath a cat: chaotic, unpredictable, and you&#39;re probably going to end up with scratches.<br><br>🛁🐈🤕<br><br>Imagine a group of philosophers, lawyers, and internet trolls sitting around a table trying to agree on what exactly constitutes hate speech. It&#39;s a recipe for disaster, with each person bringing their own unique blend of opinions, biases, and maybe a dash of existential dread.<br><br>You&#39;ve got the &quot;Free Speech Warriors&quot; waving their flags, chanting, &quot;Let words fly free!&quot; Then there&#39;s the &quot;Politically Correct Patrol&quot; armed with dictionaries, ready to pounce on anything remotely offensive.<br><br>But wait, there&#39;s more! Add in the digital age, where emojis and memes reign supreme. Suddenly, a harmless thumbs-up can be mistaken for a hate symbol, and an innocent cat video becomes a battleground for keyboard warriors.<br><br>And let&#39;s not forget the ever-present spectre of &quot;intent.&quot; Is that joke meant to tickle funny bones or stomp on hearts? Is that emoji a friendly wave or a passive-aggressive insult in disguise?<br><br>Trying to define hate speech in the 21st century is like trying to write a manual for understanding your cat&#39;s meows: good luck with that!<br><br>So, we&#39;re left with a tangled mess of words, interpretations, and a whole lot of head-scratching. But hey, at least we can all agree that hate speech is about as welcome as a pineapple on a pizza.<br><br>🍍🍕",1
"Is that 10% of people, or people AFAB? 

I'm a guy so don't think my pelvic floor muscles would be able to be linked in a way to cause me to coregasm",0
&quot;Cyberbullying&quot; huh? That&#39;s some fake ΒЅ. lol,1
"A mí también me dan ganas de hacer lo mismo que ese padre,a mi nieta ya la agarraron de piñata.<br>Las autoridades escolares, bien gracias.",0
Why are people jailed for questioning ideas like Holocaust?,0
"Модераторы вашего сабреддита напоминают модераторов в rusask. И да, у нас над ними тоже все смеются",0
BAHAHAHAH I LAUGHED TOO,0
"Hello, I have a question regarding Hate Speech Laws in UK. Recently I was listening to a podcast in which a person from Moldova living in UK called for Russian invasion to Moldova. He was spewing hatred toward Russians and did not care what would be the outcome of his incitement. At the end he was calling for WW3 and said that he did not care for the fate of UK either. He did not sound like a mentally ill person, just like the one reveled in impunity. I understand that we all have a freedom of expression, but there is a high probability that Russian military men are listening to this warmonger, and this is not going to help to bring peace to their hearts. He is physically located in UK and feels like he is not going to bear any consequences. Is it possible to do something about it?",1
WELL IT&#39;S THE SAME FOR TIKTOK BECAUSE OF THE IMAGE FEATURE BECAUSE I HEARD THEY POST UNSERIOUS REACTION IMAGES TO SERIOUS EVENTS ALSO HEARD TIKTOK JOKED ABOUT JUNKO FURUTA(SEARCH HER UP) AND ALSO APPARENTLY HEARD PEOPLE WANT TWS OVER CUTTING BREAD,1
Ahhhh its so unfunny 🥀,0
Most of these people  I’d hit ‘em with the 1#2 right hook combo,0
"That’s definitely not me, and yet I’ve gone to festivals alone and made friends there

You just gotta act confident, be nice, and be a little lucky ",0
like when she said so funny tou coud tell it in her voice she didn mean it and she probly felt like trash fr,1
I think you’re very close to buying a Subaru.,0
"lol ESH.

The brother is irresponsible to sleep that late and blame others for missing his test.

You are also an AH because it would have cost you nothing to help the guy, he's family and a hard knock on the door would not have cost you anything. 

the family also sucks for blaming you as if you are his baby sitter but at the same time i see their POV, would have cost so little help the guy, we dont choose who we are related to and sometimes they do stupid shit, but they are family.  smh",1
"He shouldn't have stayed up late. But that doesn't mean you take it upon yourself to ""teach him a lesson about personal accountability"" by making him miss a test and have him reschedule it.

This will not teach his brother introspection. It will just create conflict and its an unhealthy approach, period.

I wouldn't even treat a roommate like this, let alone a brother I grew up with for 2 decades.",1
"omg They want that majority of people to be obedient, good, fat and uneducated",1
"only if you see benefit out if it. there's no point in doing it if you don't know what your next steps are after the diagnosis. personally i did my diagnosis because im on the verge of being expelled from my school because of my behavioral issues in class, and me and my parents are hoping medication would help like it did with my dad. but if you don't see your life changing after getting a diagnosis it really is a waste of money and time.",0
New account 13 days old posting kink content with comments hidden you ain't fooling me 😂 ,1
🦋⬛⬛⬛⬛⬛⬛🦋<br>⬛⬛⬛⬛⬛⬛⬛⬛<br>🟪⬛⬛⬛⬛⬛⬛🟪<br>⬛⬛⬛🏻🏻🏻⬛⬛<br>🟪🟪🏻🏻🏻🏻🏻🟪<br>🟪⬛⬛🏻🏻⬛⬛🟪<br>🟪⬜🟪🏻🏻🟪⬜🟪<br>🟪⬜⬛🏻🏻⬛⬜🟪<br>🟪🏻🏻🏻🏻🏻🏻🟪<br>🟪🟪🏻🏻🏻🏻🟪🟪<br>          SHINOBU<br>█░▄▀ █ ▄▀▀ ▄▀▀<br>█▀▄░ █ ░▀▄ ░▀▄<br>▀░▀▀ ▀ ▀▀░ ▀▀░<br>█▄░▄█ █▀ █▀<br>█░█░█ █▀ █▀<br>▀░░░▀ ▀▀ ▀▀,0
"lol 99% of the comments: &quot;That’s catfishing, not cyberbullying.&quot;<br>Well, they did do some mean stuff while doing that, so they technically were cyberbullying...",1
"Hello, I have a question regarding Hate Speech Laws in UK. Recently I was listening to a podcast in which a person from Moldova living in UK called for Russian invasion to Moldova. He was spewing hatred toward Russians and did not care what would be the outcome of his incitement. At the end he was calling for WW3 and said that he did not care for the fate of UK either. He did not sound like a mentally ill person, just like the one reveled in impunity. I understand that we all have a freedom of expression, but there is a high probability that Russian military men are listening to this warmonger, and this is not going to help to bring peace to their hearts. He is physically located in UK and feels like he is not going to bear any consequences. Is it possible to do something about it? smh",1
"seriously Oh, certainly not - knowing that kind of stuff was definitely on there….which you know because you were the producer and the actor….and you didn’t do literally anything to figure out where to find something that says reset. Or have the people from the store where you just bought your new one do it. Open up that safari app. Ask several strangers. I mean, ANYTHING. Choosing to leave stuff like that on there in the first place is honestly disgusting, but to give it to your child’s boyfriend - or any child for that matter - is a different level. I’d run over it with multiple tanks before willingly handing something over with even one tiny shred of content even in the same realm as that of me on there. That would be both inappropriate af and mortifying in the most literal and significant sense of the word.

Then there’s being on OP’s position and I’m not exactly sure how I’d describe all of that, but most of the same adverbs and adjectives above would be included lol.",1
Girl - &quot;I have diabetes&quot;<br>Tiktok - &quot;aww im sorry hope tou feel better&quot;<br>Instagram - &quot;yea that checks out&quot;,0
Average bully in England smh,1
"Holy shit, you are just annoying me now. **I never even remotely said I hated all women**! That’s what I’ve been trying to point out this whole fekking time and you are just missing the fekking point EVERY. SINGLE. TIME. You are just making shit up about me and hating me for it! Here is my point, I will say it plain and simple, every single person in the world is different, every single **fucking** person; they all have different opinions, personalities, and experiences. This leads to the way they act, some people are caring people, like Harry Baals or Eleanor of Aquitaine, some people are Heartless, like Joseph Stalin or Elizabeth Báthory of Hungary, you cannot lump 58.5 billion men into a single basket, or even a hundred. Likewise, you cannot lump 58.6 billion women into one basket, or even a hundred. Everybody acts differently, we are all unique. Some men have raped and plundered, so have some women, but those make up the vast minority of people, most people just like to mind their own business! To say that all men, or even most men out of the 58.6 billion that have existed in history were/are evil is narrow-minded and frankly just plain stupid.",1
“REALLY GROSS THINGS LIKE ASKING HER FOR NUDES” IS INSANE,1
I’m watching this 6 years later and WTF,0
"Maybe? A lot of my ""friendships"" felt like work until I found a few people I actually really got along with as I'm pretty introverted. But hey if you are happier that way then you do you, we're all different. ",1
"I support trans rights, you go boy",0
"OMFG... I thought I wanted to see this episode... Now I don&#39;t... 😑<br>This was harsh AF... Funny, but a lot harder than funnier... This guys are talking about some real deep stuff (not using the sh word) here...",0
"You're a loser and you like it lol
Bark for me lmao 😁",1
Look like Dwight from the office... ,0
I love bts and black pink both no hate everyone 💜💜💜💜🖤💗,0
cordial as well. maybe im the terrible one. much laugh. ,0
"Si mis hijos han Sido agredidos, igual voy y parto madres. Obvio..!! 😊",0
"NTA HE'S A GROSS ASSHOLE. AND YOUR MOM'S OK WITH BEING HIS SIDE CHICK AMD KNOWING HE HAS OTHER SIDE CHICKS? UNLESS IT'S CONSENSUAL NON-MONOGAMY, THAT'S GROSS, TOO. HE SEEMS LIKE A REAL WINNER. I SAY THIS AS A 41 YEAR OLD WOMAN WHO USED TO BE IN A POLYCULE. ",1
"hating on the haters

",0
Hate speech is any speech the government doesn&#39;t like.,0
I was sorry to hear about it. He'll probably come out and tell his version of events as soon as he is able to. Those guys had a lot on their plate recently ,0
"This this this! Its one thing to enjoy low communication and like alone time, and another  to completely reject social interactions. That's anti-social behavior which yes is bad for us. We're social creatures. Being happy and healthy takes work. Its easy to fall into comfort of being alone, not going out of your comfort zone but its unhealthy for us. ",0
Atleast we are not corny like you tiktok/yt shorts users,0
Dweeb springs to mind,0
"Right?! It's natural for trust to be modified by experience - over time either someone proves that they *can* be trusted, or they prove that they *can't*. 

Girlfriend is proving with her own (lack of) actions that she isn't trustworthy in this matter.",0
"seriously My dad used to joke with my brother and me saying we owed him $500/month after he retired.


He did pass just a few weeks after retiring at 65, so we're not sure how much was truth and how much was joking. tbh",1
"Yes, we can all do better than you.  We’re all passing on dating you. ",0
I already watched this vid 100.000.000.000.000.000.000.000.000.000 times already,0
Meri wife zabardasti mujhsy talaq lena cahrahe hai or blackmail bhi karrahy Hain un k ghar waaly ilzaam bhi lagarahy Hain...,0
Bro I literally started the whole entire conversation off with saying that I had an aesthetic problem with Bob Ross' paintings and it was nothing directed at him personally. But people get so pissed off and start a whole ad hominem attack based off his personality. 😳😂,1
"wtf Sadly, I became a victim of cyberbullying. One time, a very rude YouTuber insulted my friend Snowflake and made fun of her name. She said &quot;Why the so weird Snowflake&quot; I made a comment telling her if she has a problem, then she has to take her drama somewhere else. Then I blocked her and reported her to YouTube because I was defending my friends. smh",1
Imagine what his Uber car smells like.,0
"ngl The problem with blocking them is that they get so addicted to the target of their abuse.They just keep making more fake accounts and are racing them from several accounts.Claire hunt on her workplace.Use channel says that bullies get addicted to bullying, and they get addicted to the target.It&#39;s a sick obsession mike ngl",1
"sir, idk even know, i can’t even confront her about it, but i make jokes about him to her and just let her sit with it. its all i can do, my mom is narcissistic, realized that years ago. ",1
every social media is shit atp js play games and dont even open the comments,0
ngl Stuff like this happening is why I hate when people treat things like this happening as “Just pixels on a screen” This isn’t just straight-up catfishing (which is also considered another type of cyberbullying especially when others get involved in it) it’s CHILD P*RNOGRAPHY (I censored the word in case yt takes this comment down) <br><br><br> And strict parents wonder why their kids become so sneaky to the point of doing something like this. ngl,1
Its okay to like someone for something they do or how they represent themselves but when being a fan turns into idolizing a normal person as a superhuman god in a way that completely consumes your life is absolutely not understandable to me.,0
The problem is that your free speech isn&#39;t protected on social media. There should be fines or even shutdowns of platforms that violate freedom of speech or freedom of expression. This would be something truly progressive instead of that degeneracy that they call progressive right now.,0
CYBERBULLY IS BAD. I CAUGHT SOMEONE SAYING HAHA AND HATE IN WEST MALAYSIA DRIVING AND I REPORT HIM ON ROBLOX AND KIND OF SIMILAR TO CYBERBULLY,1
There&#39;s a &quot;prepare to be offended&quot; revolution coming. Websites will rise which will allow pretty much anything except death threats. The snowflakes will self cut over it and need therapy! Mark my words! fr,1
I HAVE A FRIEND WHO WAS SENT CORN. AND THE CYBER BULLY (NOT LISTING NAME) IS IMPERSONATING THE VICTIM. (NOT LISTING NAME),1
"The rascal slur depends on<br> <br>the situation <br><br>The environment to what the individual grew up in<br><br>The current environment their in<br><br>Maybe generational traumas their bloodline carries <br><br>There&#39;s more to it than thinking its so linear as that, in other words so simple as that lol",1
"There isn't anything spectacular about his paintings but thats not the point, he paints to teach and the art and techniques are accessible, there is a beauty in that which shines through.

When you say 'grand' it makes me think you misunderstand what people are actually saying.",0
"seriously Asking for help isnt being failing father. Your good man. Is there a grocery outlet anywhere your at.  Got us through last year will limited funds. Potatoes and eggs and ketchup are lifesaver.  Tortillas and cheese   sausage, hit up a church for help. God bless you and your boy bless will get out of this...",1
Someone fill in the rest 12345,0
Oster Montag. <br><br>What else needs to be said?,0
I would tell her to stop lying about her “reason” and ask why she needs $900 a month. She may have properties - but this sounds like she’s owing something major. ,0
"MAKE SURE YOUR LAW FIRM ISN&#39;T THE LAST TO GET INTO BCI TERRORISM LAWSUITS, DARPA WITH THEIR MILITARY GRADE N3 OUR EXPERIMENTING ON OUR CITIZENS PEOPLE LIKE ELON ARE SELLING TECHNOLOGY TO THE ELITES TO WATCH THE MATRIX INSIDE THEIR MINDS, I&#39;VE BEEN HIT WITH THIS TECHNOLOGY AND CAN&#39;T WAIT FOR A LAWYER LIKE YOU TO START A LAWSUIT AGAINST SOME OF THE RICHEST IDIOTS IN THIS COUNTRY.",1
&quot;Coming reluctantly&quot; got me dying 😂,0
"I mean a kiss is fine, anything more than that then you start to wonder if there's more than one reason they cast them. Eh ehm, Quinton Tartino licking Selma Hayek feet.",0
"Its multiple, and no because its been during school hours where walking away would get me in trouble",0
"I was normal as a kid straight A student until like 8th grade when I noticed how differently I got things done


I'm hoping to get meds",0
Yeah. Youtube ain&#39;t much better in labelling opinions as hate speech. Besides.... definition of the word hate means a strong dislike. &quot;We&quot; and indeed &quot;I&quot; have the right in expressing this. Stop dictating. That was my Mothers job.,0
you look like what i always imagined the real life doofenshmirtz would look like,0
Hey. How’s your tight 5 for the open mic at the liberal arts conference? ,0
why does that little boy look like my brother,0
"like for me<br>tiktok: too woke, cancels people for breathing, misinfo<br>insta:weird ass jokes<br>YouTube: friendly but a bit cringe sometimes lol",1
The second you hit Michigan everyone suddenly drives like they’ve got somewhere life changing to be  smh,1
"I&#39;m human rights defender a victims hate speech,I have received thousands of threats, harassment and insults including death threats and threats to physical violence both personally through telephone calls and other social media platforms where most of people are calling for the killing and violence attack on me and my family including my refugees community.",1
Don&#39;t forget when blinks gave Jennie Balck Ocean armies support her 😅,0
"like If this doesn't teach the brother any introspection, then he is just an entitled person, who refuses to learn from his mistakes. 

The brother already knew that he wouldn't get any help in the morning, so he should have found another solution. He needs to start living on his own, if he isn't able to be responsible at his age, that would force him to learn the basic things, like going to bed on time and waking up. ",1
"Pregnant woman forcefully no longer makes herself pregnant (not through means of giving birth)

and there is a big argument that has been going on for a while whether or not its wrong or not

there are basically two sides:

1- claims that its a natural right of that pregnant woman to get rid of the fetus since its her body

2- claims that the fetus is a human and has its own rights and thus cannot be gotten rid of since that would be murder

I side with the second one and the only time I genuinely consider the first is in the cases where a girl was raped and became pregnant through means beyond her control



I hope that for those cases a technology to extract a fetus and let it grow in an artificial environment can be created",0
"ngl Hate speech is obvious! I don’t get the ignorance about it! Hate speech isn’t criticizing, it’s down right hate! You can say with free speech I don’t like you. No one has to like everyone. Hate speech is I don’t like you because, name the religion and race, and insulting and threatening. Why is it so darn difficult for people to be civil to each other! Well I don’t like your religion someone says. No one is asking your opinion! Well I don’t like your religion because of violence! Well you don’t blame all in that religion for the acts of a few! White Christians who dislike a certain religion shouldn’t talk as they’re pretty much hypocritical. Hate speech can lead to violence by the ignorant. There’s no such thing as good from bad hate speech it’s all the same! Being civil to others just seems to be too hard and too much work for people so they use excuses to use hate speech. Judge not lest thee be judged. Treat others as you want to be treated. Seems too many ignore that!",1
The important thing is that you recognize it was wrong and you’re not that person anymore.,0
"He was awake enough to snooze the alarm, he just chose to go back to sleep after that, which was his own choice",0
Holy shit you look like a half-elf,0
"DEFINING HATE SPEECH IS LIKE TRYING TO BATH A CAT: CHAOTIC, UNPREDICTABLE, AND YOU&#39;RE PROBABLY GOING TO END UP WITH SCRATCHES.<BR><BR>🛁🐈🤕<BR><BR>IMAGINE A GROUP OF PHILOSOPHERS, LAWYERS, AND INTERNET TROLLS SITTING AROUND A TABLE TRYING TO AGREE ON WHAT EXACTLY CONSTITUTES HATE SPEECH. IT&#39;S A RECIPE FOR DISASTER, WITH EACH PERSON BRINGING THEIR OWN UNIQUE BLEND OF OPINIONS, BIASES, AND MAYBE A DASH OF EXISTENTIAL DREAD.<BR><BR>YOU&#39;VE GOT THE &QUOT;FREE SPEECH WARRIORS&QUOT; WAVING THEIR FLAGS, CHANTING, &QUOT;LET WORDS FLY FREE!&QUOT; THEN THERE&#39;S THE &QUOT;POLITICALLY CORRECT PATROL&QUOT; ARMED WITH DICTIONARIES, READY TO POUNCE ON ANYTHING REMOTELY OFFENSIVE.<BR><BR>BUT WAIT, THERE&#39;S MORE! ADD IN THE DIGITAL AGE, WHERE EMOJIS AND MEMES REIGN SUPREME. SUDDENLY, A HARMLESS THUMBS-UP CAN BE MISTAKEN FOR A HATE SYMBOL, AND AN INNOCENT CAT VIDEO BECOMES A BATTLEGROUND FOR KEYBOARD WARRIORS.<BR><BR>AND LET&#39;S NOT FORGET THE EVER-PRESENT SPECTRE OF &QUOT;INTENT.&QUOT; IS THAT JOKE MEANT TO TICKLE FUNNY BONES OR STOMP ON HEARTS? IS THAT EMOJI A FRIENDLY WAVE OR A PASSIVE-AGGRESSIVE INSULT IN DISGUISE?<BR><BR>TRYING TO DEFINE HATE SPEECH IN THE 21ST CENTURY IS LIKE TRYING TO WRITE A MANUAL FOR UNDERSTANDING YOUR CAT&#39;S MEOWS: GOOD LUCK WITH THAT!<BR><BR>SO, WE&#39;RE LEFT WITH A TANGLED MESS OF WORDS, INTERPRETATIONS, AND A WHOLE LOT OF HEAD-SCRATCHING. BUT HEY, AT LEAST WE CAN ALL AGREE THAT HATE SPEECH IS ABOUT AS WELCOME AS A PINEAPPLE ON A PIZZA.<BR><BR>🍍🍕",1
Absolutely. I’m disgusted by people who put themselves in their books/movies. ,0
2026 HERE FROM THE FUTURE TO SAY THIS ISN’T CATFISHING OR CYBER BULLYING THIS WAS STRAIGHT SEXUAL ABUSE,1
sounds like some shit i would do if i felt like a asshole,0
who tf said gigga nga,0
Thank  You  For  Sharing 👀  🤔,0
I like this post. 5-star! Would read again! ,0
"honestly Bro, I'm not even roasting. Your hair is too thin to pull off the look you're going for. If you trim it by, like, half an inch, it might work, but right now, it reminds me of a middle-aged man attempting a comb-over. Picture 1 looks like part of your skull is caved in, and the other 3 look like you're wearing a fragile helmet.

Have some standards for yourself and get a trim, for goodness sake! There's a grand difference between ""trying a new look"" and ""trying to make laziness look fashionable"".",1
"When I had my daughter in 1983, they did not have mother-baby wristbands in my city. There was no chance of an error in my case. The nurse told me she was the only blonde in the hospital nursery. I also know they gave me the right baby because she was the only one screaming due to the heatwave. 
",0
why are comments always the best part,0
i feel kinda bad for being so reckless and not trying to return them,0
bro Law by a stupid monkey,1
"MAYBE? A LOT OF MY ""FRIENDSHIPS"" FELT LIKE WORK UNTIL I FOUND A FEW PEOPLE I ACTUALLY REALLY GOT ALONG WITH AS I'M PRETTY INTROVERTED. BUT HEY IF YOU ARE HAPPIER THAT WAY THEN YOU DO YOU, WE'RE ALL DIFFERENT. ",1
Never met a Mormon congregation who helped anyone who wasn’t Mormon.,0
1 out of 4 days off is a lot!!! Omg ,0
I spit out my apple juice Brooo 😭😭,0
Kia hoga kuch ni hoga fia wly khud r kha jyn gy mrs 7000$ kl scam hoa zindgi ma phli br koi laa skta h 50/50 dnga tppr k kisi ma? Yha koi lawyer judge h koi nuram to ao.. Bs khali bty hota yha ao waha ao aisy kro wesy kro,0
"Insect Hierarchy: 

Spiders are house guests in my home. 
A bee gets carefully led back out, same as a gecko. 
A water beetle (common in Texas) gets a pass, as long as he doesn't bring a guest (he'll typically find his way back out).
If a praying mantis makes it's way in (I hatch them in the garden) he gets to hang for awhile before being deposited back in the roses.
Ants are immediately attacked (too many sweets in the house). 
First sign of a roach and it's scorched earth... 
and if I see even a hint of a rat or a mouse, operation APOCALYPSE NOW. ngl",1
A confession doesnt always mean a person is disturbed. The op claims this just... stopped. Meaning this WILL happen again in the future if op does not speak to someone ,0
You’re a straight 10/10. This is not the type of roast I’d give you….,0
"Nope, it's my house and the bugs aren't invited - i will exterminate every single vermin that decides to invade my living space, even it it's ""just"" a bee or a spider.",0
"IT ALSO SAYS YOU SHOULDN'T EAT OR TOUCH BOTTOM FEEDING FISH, SHELLFISH, PIG, ETC AND THAT YOU SHOULD BE STONED TO DEATH FOR WEARING CLOTHING MADE OF MULTIPLE FABRICS. YOU KEEPING EITHER ONE OF THOSE IN 2026? OR DO YOU SELECTIVELY CHOOSE WHICH PARTS TO FOLLOW BECAUSE THEY ALIGN WITH YOUR WORLD VIEW BETTER?",1
"This is true, even after becoming a completely comfortable at being at restaurants/bars/clubs by myself, I still feel awkward and out of place if I go do a new activity by myself, like a dance class or a hiking club for example.

You have to push through and eventually it will feel like popping to the grocery store.

Don't need to do an all nighter either, start with 1 hour, then 2 and keep pushing. Order a couple of non-alcoholic cocktails if you don't drink, they can be really good. Use your phone to pass time, nothing wrong with it, but have moments where you are present in the room.",1
"seriously You’re not the first women lol. I’ve never actually orgasmed or anything but I definitely get the sensation when I do prone leg curls, sumo squats (just found that out yesterday lol), leg extensions. The only one that’s been consistent and I’ve ever felt it in is leg curls but it’s so exciting honestly finding new exercises that stimulates me.  fr",1
On  scout  camp.  The  big  bully  tried  extorting  money out a  me. I  threw an old aluminium  cup  of  boiling  fat  down his  legs.. End  off😢 istg,1
"honestly NTA

JFC are these ages accurate? By 22 I had already moved across the country twice, got married, and bought a house. Not saying that should be anyone's goal, but the perspective im looking at your brother from.

My parents also wanted me to parent my younger brother and pinned his screw ups on me. How did that work out? Hes mid 20s still living with them. No savings, no goals, not going to school. Thats what happens when you treat grown ass adults like children istg",1
Sr agr ksi frody ki pic lga k Sath dhoke Baz frodi likh k lgana kesa ha or os ne application di ha mere Sath ye HOA ha Lekin wo ha b frody to Kya ho ga,0
"bro “Really wants to sleep with children” is very odd phrasing. Michael slept in the same bed, described it the same way a child would describe a sleepover, and would talk about how they’d wake up and go in a hot air balloon, and he has all the footage. 

Why in the world would a pedophile openly describe doing something that obviously sounds pedophilic in nature if the pedophile knew it sounded that way? The only logical conclusion is that Michael simply didn’t see sleeping in the same bed as wrong, which he stated repeatedly. I guess I can never understand age regression, but to an extent I see the logic. 

If the very limit of your thought process is “yikes, do I wanna defend this side or the other?” Then your view is rather narrow minded. He was a weirdo, not a kiddie fiddler. ",1
"No le dieron otra salida al padre ya que dicen que tenia un año de eso , el padre también temia por la vida y seguridad de su hijo y eso no lo vieron hasta que estw padre tomó cartas en el asunto y resolverlo por si solo ya que nadie hacia nada , los buleadores deberian de ser expulsados ya que parece que tienen  materia fecal en la cabeza y materia gris",0
wtf never knew the comments could be this funny istg,1
"honestly NTA, dude knew he had obligations that morning but proceeded to hyuck and fuck around with friends til o' dark 30. Oh and let me check my notes.....*shuffles furiously*...

Oh yeah he is also a grown ass man. By the way the way the family is acting? We know who the fave is...🙄🙄🙄 fr",1
Until they ask where your friends are and you say I'm alone.,0
"Yeah nothing wrong with being calm and easygoing, it does sound like you may not have been compatible. If you're both adults, what would she have needed your permission for anyway? It is possible that she wants someone that stands by her though. Life can be an onslaught, and it can help to have a partner willing to stand up for you when it gets hard.",0
"I left hate speech, because youtube said so. But, I have no idea what it is? My understanding is, we can&#39;t sue youtube, right? And nobody can make their own youtube like program, right? Seems to me they have it backwards, but I don&#39;t know what hatespeech is so I wouldn&#39;t know. I guess I have to stop leaving comments. yet, I see hate speech that I would call hate, all over youtube ....... what is going on here?",0
Every state has that unofficial autobahn lane where everyone silently agrees the speed limit is more of a suggestion.,0
"ngl Maybe he was so stressed about his test that he wouldn’t have been able to sleep. When I have something important the next day, I often lay wide awake for hours with racing thoughts, and can’t fall asleep until I distract myself.

Why are people acting like the brother staying up late was a personal attack against OP? I’m sure we’ve all done it at some point. It would’ve taken OP no effort to just wake him up.  fr",1
"I’LL PROBABLY GET DOWNVOTED BUT YTA. 

IT WOULD BE ONE THING IF YOU HAD TO GO OUT OF YOUR WAY TO WAKE HIM UP. YOU WERE ALREADY AWAKE AND HEARD ALL OF HIS ALARMS GOING OFF, AND THOUGHT ABOUT WAKING HIM UP BUT DIDN’T OUT OF SPITE. IT WOULD’VE TAKEN YOU ALMOST NO EFFORT AND YOU KNEW THE TEST WAS IMPORTANT TO HIM. 

WE’VE ALL SLEPT THROUGH AN ALARM BEFORE AND KNOW HOW MUCH IT SUCKS TO MISS SOMETHING IMPORTANT. WE’VE ALL STAYED UP LATE DISTRACTED BY SOMETHING WHEN WE SHOULD’VE BEEN SLEEPING. YOU ACT LIKE HIM BEING IRRESPONSIBLE ABOUT HIS SLEEP IS A PERSONAL ATTACK AGAINST YOU. YOUR BROTHER SUCKS BUT YOU SUCK MORE.",1
"“Oh no, your brother experienced the consequences of his own actions!”

Is your family on drugs? Of course you’re NTA, OP. Your brother probably shouldn’t be driving anyway, since his brain is still 7 years old. ",0
With her investments she doesn't need your 300 per month. Try telling her you'll do it when your kids are adults. You still have education to pay for. ,0
"If you’re being cyber bully, do this number one block lol",1
Did Great-Great Grandma just say she’s gonna annex the Sudetenland?!,0
"he weighs 260 lbs bro, bro thinks the rock has 104% skeletal muscle mass.",0
like New account 13 days old posting kink content with comments hidden you ain't fooling me 😂  ngl,1
"The subtlety in this scene is awe-inspiring. If you look very closely, you get this sense that the bully has some underlying pain. And, even though he looks confident, you can almost feel his reluctance as he walks to the car. It almost makes you sympathize with him. tbh",1
"seriously Been there, done that.<br><br><br><br><br>I uninstalled Instagram not because of the dark jokes, but because of the algorithm and the negative impacts that took me until September 2025, and never came back.",1
"Here&#39;s a comment on bullying,do not let anybody bully you because they got the  bullying habit from someone else.bullying is despicable something that shouldn&#39;t happen to a disabled person or someone that cant interpret things the same as anyone else.alsk I&#39;m not saying to fight back or anything,im just saying that you don&#39;t deserve that treatment. Have a great rest of your day or night. lol",1
As long as they like the same kind of music as me we're good,0
"wtf Play stupid games, win stupid prizes",1
IDENTITY THEFT IS NOT A JOKE ABANDONBOUQUET,1
seriously 1815 is totally useless. I called they refused to help istg,1
"YOU’RE NOT THE FIRST WOMEN LOL. I’VE NEVER ACTUALLY ORGASMED OR ANYTHING BUT I DEFINITELY GET THE SENSATION WHEN I DO PRONE LEG CURLS, SUMO SQUATS (JUST FOUND THAT OUT YESTERDAY LOL), LEG EXTENSIONS. THE ONLY ONE THAT’S BEEN CONSISTENT AND I’VE EVER FELT IT IN IS LEG CURLS BUT IT’S SO EXCITING HONESTLY FINDING NEW EXERCISES THAT STIMULATES ME. ",1
The second you hit Michigan everyone suddenly drives like they’ve got somewhere life changing to be ,1
"THIS IS A GREAT EDUCATIONAL VIDEO, NOT MANY KIDS KNOW THAT THIS IS WHY BULLIES BULLY.",1
BRO I LITERALLY STARTED THE WHOLE ENTIRE CONVERSATION OFF WITH SAYING THAT I HAD AN AESTHETIC PROBLEM WITH BOB ROSS' PAINTINGS AND IT WAS NOTHING DIRECTED AT HIM PERSONALLY. BUT PEOPLE GET SO PISSED OFF AND START A WHOLE AD HOMINEM ATTACK BASED OFF HIS PERSONALITY. 😳😂,1
That's so fucked up. As a parent to a toddler this made me wince. I hate this confession so much. ,0
NTA. Just take you dog to the vet and ignore your brother. No animal should suffer like this. I would get angry with him for making the dog suffer. ,0
"My Mum did this a lot.  My reply was always, “No, but you’ll be a better parent.”  Still didn’t work, but I wasn’t about to let her dump that guilt on me.",0
"THE STUDENTS INTERVIEWED IN THE VIDEO ABOVE GRAPHICALLY SHOW THEIR OWN DEFINITION OF &QUOT;HATE SPEECH&QUOT;: HATE SPEECH INCLUDES ALL THE VIEWS THEY POLITICALLY DISLIKE. EXTREME AND RACIST SPEECH THEY AGREE WITH, ON THE OTHER HAND, THEY DON&#39;T CLASS AS &QUOT;HATE SPEECH&QUOT;. THEIR DEFINITIONS OF &QUOT;HATE SPEECH&QUOT;, THEN, ARE ENTIRELY THE PRODUCT OF THEIR TRIBAL IDEOLOGIES.",1
"I have 3 of them. All older like OP. If he isn’t responsible enough to get off his games then he isn’t responsible enough to hold a drivers license. The op is NOT the AH, their brother is a loser.",1
"Though those youngster seem to fall into some idiot ideologies and narrations when you hear their first responses to the questions. As you watch the video to its full, you also witness their quite sensible responses to other questions as well. Do not fall into the similar trap by believing the narration that new generations as whole lost their mind and senses, especially the ones studying at Colleges and Universities, there are some minority of youngster who are lost and gone insane as usual but most of them are normal people. But yet again they carry the traces of those idiot narrations and ideologies lingering out there but they are not that much more crazy or idiot than the their predecessors as we want to believe.",1
This reminds me of TACO. He is always projecting like this episode! Lol,0
Hasta yo lo aria .....ya estuvo bueno,0
Congratulations on your multiple transitions🫶🏻,0
We need your help there was a qari who was harassing me by bell again and again and kicking the gate from outside <br><br>Multan pakistan<br>Buch villas jamia masjid lol,1
"Ahora si atendieron los directivos y la fiscalia, porque no se actúa antes de que pasen las agresiones, como madre apoyo a este señor hay padres que no sabe controlar a sus chamakos y más cuando son abusadores",0
You got good features kid use that as motivation and count your calories!,0
"ngl Arrest blacks for the cracker, honky comments. I stupidity the n word originated from their location which at the time was Niger River in Africa.  Try pronouncing the name of an African in those days they would say Niger reference to their nationality at that time.  GROW UP",1
gng came out of the nun,0
"Do you really think bugs have the mental capacity to understand concepts like buildings and trespassing? At best they'd think 'these big square trees are very unusual'. The bugs did nothing wrong, you don't need to kill them for existing when there are other options.",0
Average bully in England,1
"^^^^AUTOMOD  **Thanks for posting! READ THIS COMMENT** - ***MAKE SURE TO CHECK ALL YOUR DMS***. **This comment is a copy of your post so readers can see the original text if your post is edited or removed. This comment is NOT accusing you of copying anything.**

I (18 f) have been friends with my best friend,  Mary (fake name), for around 5 years since high school. She dated her ex, James (fake name), for about a year. She’s doing her makeup and says “let’s call James to see if my eyeliner is good, don’t tell Noah (finance?. fake name)” I thought it was a joke but turns out it wasn’t, She l called him for over 30 minutes?!

 here’s little things he has said that have set red flags of for me: calling her “sweetheart.” Asking “when are you coming over next?” Offering for her to go to his place, Saying they spoke in January. I’ve never been in a relationship but surely this is cheating or at the least infidelity right?

I love her but she’s done stuff like this in the past, she’s been with Noah for a year in around two weeks and was with James for longer than that. She told me that she’s thinking of breaking up with him but that still doesn’t make it ok right? I don’t want to ruin our friendship after so long she helped me through a lot. AITA for not telling him she’s talking to her ex.

*I am a bot, and this action was performed automatically. Please [contact the moderators of this subreddit](/message/compose/?to=/r/AmItheAsshole) if you have any questions or concerns.* istg",1
Is it cyber bullying to on acutane and get papsmear?.,1
Tong tong tong song Star wars getting beat up it&#39;s like the battleship from Star wars,0
"OP I’m not going to tell you “everything you’ve done is fine” but I am going to tell you that this woman clearly likes being around you and enjoys your company. Whether she’s into you sexually or not, only she knows, but it sounds like you have given her ample opportunity to cut ties, and every time she surprises you by not doing so.

If there have been times when she’s called you out on making “creepy” or sexual comments to her, then that shows you how she reacts when you cross a boundary. It’s not an absolute rule but usually people who are creeps don’t care if they’re coming across as creepy.

If you’re looking for advice I would say try to communicate more openly with her about how you feel. Encourage her to do the same. If she’s into you in that way, great - if not, then you have a much clearer idea of how your friendship will work out, and where to draw the line in future.

Good luck. ",0
"I like horror in theory, but not in practice. It’s just too gory to be scary at this point, and I’m too weak-stomached for gore. My preferred brand of scared is campfire ghost story level, reading creepy urban legends, or an unsettling Twilight Zone episode. ",0
IS IT FOR EMOTIONAL ABUSE TOO?,1
"Sadly, I became a victim of cyberbullying. One time, a very rude YouTuber insulted my friend Snowflake and made fun of her name. She said &quot;Why the so weird Snowflake&quot; I made a comment telling her if she has a problem, then she has to take her drama somewhere else. Then I blocked her and reported her to YouTube because I was defending my friends.",1
What a disgusting thing to say.  lol,1
Had to Google what a silver fish was it looks like some failed earwig prototype,0
lol See ! How mentally derained this bully is ? Hope he&#39;ll be welcome inside a Psycho ward forever !,1
"IN SOME OF THESE PICS, YOU LOOK LIKE YOU HAVE A POSTURE OF VICTORIAN ORPHAN WAITING FOR BAD NEWS. ",1
"^^^^AUTOMOD  **THANKS FOR POSTING! READ THIS COMMENT** - ***MAKE SURE TO CHECK ALL YOUR DMS***. **THIS COMMENT IS A COPY OF YOUR POST SO READERS CAN SEE THE ORIGINAL TEXT IF YOUR POST IS EDITED OR REMOVED. THIS COMMENT IS NOT ACCUSING YOU OF COPYING ANYTHING.**

I (18 F) HAVE BEEN FRIENDS WITH MY BEST FRIEND,  MARY (FAKE NAME), FOR AROUND 5 YEARS SINCE HIGH SCHOOL. SHE DATED HER EX, JAMES (FAKE NAME), FOR ABOUT A YEAR. SHE’S DOING HER MAKEUP AND SAYS “LET’S CALL JAMES TO SEE IF MY EYELINER IS GOOD, DON’T TELL NOAH (FINANCE?. FAKE NAME)” I THOUGHT IT WAS A JOKE BUT TURNS OUT IT WASN’T, SHE L CALLED HIM FOR OVER 30 MINUTES?!

 HERE’S LITTLE THINGS HE HAS SAID THAT HAVE SET RED FLAGS OF FOR ME: CALLING HER “SWEETHEART.” ASKING “WHEN ARE YOU COMING OVER NEXT?” OFFERING FOR HER TO GO TO HIS PLACE, SAYING THEY SPOKE IN JANUARY. I’VE NEVER BEEN IN A RELATIONSHIP BUT SURELY THIS IS CHEATING OR AT THE LEAST INFIDELITY RIGHT?

I LOVE HER BUT SHE’S DONE STUFF LIKE THIS IN THE PAST, SHE’S BEEN WITH NOAH FOR A YEAR IN AROUND TWO WEEKS AND WAS WITH JAMES FOR LONGER THAN THAT. SHE TOLD ME THAT SHE’S THINKING OF BREAKING UP WITH HIM BUT THAT STILL DOESN’T MAKE IT OK RIGHT? I DON’T WANT TO RUIN OUR FRIENDSHIP AFTER SO LONG SHE HELPED ME THROUGH A LOT. AITA FOR NOT TELLING HIM SHE’S TALKING TO HER EX.

*I AM A BOT, AND THIS ACTION WAS PERFORMED AUTOMATICALLY. PLEASE [CONTACT THE MODERATORS OF THIS SUBREDDIT](/MESSAGE/COMPOSE/?TO=/R/AMITHEASSHOLE) IF YOU HAVE ANY QUESTIONS OR CONCERNS.*",1
bro the cyber bullying doesn&#39;t get banned in Roblox bro🎋 fr,1
That’s incredibly sad. I wish having kids wasn’t as easy so maybe only functional people could have kids and not ruin them,0
"Same. I always hate the schlub/hot wife trope, especially when it’s a self insert. ",0
omg I think reviewbrah from YT changed genders on us istg,1
"HERE&#39;S A COMMENT ON BULLYING,DO NOT LET ANYBODY BULLY YOU BECAUSE THEY GOT THE  BULLYING HABIT FROM SOMEONE ELSE.BULLYING IS DESPICABLE SOMETHING THAT SHOULDN&#39;T HAPPEN TO A DISABLED PERSON OR SOMEONE THAT CANT INTERPRET THINGS THE SAME AS ANYONE ELSE.ALSK I&#39;M NOT SAYING TO FIGHT BACK OR ANYTHING,IM JUST SAYING THAT YOU DON&#39;T DESERVE THAT TREATMENT. HAVE A GREAT REST OF YOUR DAY OR NIGHT.",1
it aint like this anymore,0
YouTube disagrees with the content of this video.,0
Not until you tell me how much a library card costs,0
"When we are young we all do crazy things. Mine was mixing a lable of 2 sockets, exchanging a 120 volt with a 240 volt, this at a community centre. DK wha happened after or if anyone even used them! ",0
It’s so disappointing to see this,0
"ngl NTA Stick to your guns. Tell everyone that you told him the night before that you weren't going to be responsible for him, and you're telling them now. It is not your fault that he hasn't learned to manage himself as an adult should, and he won't even start learning if he is coddled and enabled into a perpetual adolescence. Even the attitude that you are somehow responsible for his lack of personal responsibility views you as the adult and him as a child. You aren't enabling that either. fr",1
Better than no nose? ,0
"You could use inspect element on PC, and Inspect Element makes them say horrible things, and if you screenshot them, there you go, you just made someone get arrested, big time",0
"So basically unethical, forced breeding which  might cause inbreeding and produce unfit offsprings , and they don't even take proper care of the the dogs , got it 🫡",0
"Wow it surprises me that so many people saying not the asshole. I have a brother too. Do most people here not have a sibling? Sure it's not your responsibility especially since he's an adult but tell me was it really worth it to do this? Would being kind to your brother be too much for you to handle? It would take less than a minute to go in his room and yell ""hey dumbass wake up!"" He's your brother, you help your family especially if it's something that really wouldn't get in your way at all. I really hope this doesn't ruin your relationship with your brother..

 YTA
",1
Yeah I prob have ADHD also you have ADHD ? :0,0
Karma is why I don't check pockets in anything I thrift until I get home 😂,0
&quot;Hate speech&quot; Anything the perceived moral order disagrees with...,0
Please share your WhatsApp number. Thank,0
"Those kind of instagram users are just trash, nothing but a waste of your time.",1
All your friends at “ Vagina Hatsrz Anonymous “ support you ,0
say its not nice to eat people without their consent ,0
"NTA Stick to your guns. Tell everyone that you told him the night before that you weren't going to be responsible for him, and you're telling them now. It is not your fault that he hasn't learned to manage himself as an adult should, and he won't even start learning if he is coddled and enabled into a perpetual adolescence. Even the attitude that you are somehow responsible for his lack of personal responsibility views you as the adult and him as a child. You aren't enabling that either. lol",1
"honestly Though those youngster seem to fall into some idiot ideologies and narrations when you hear their first responses to the questions. As you watch the video to its full, you also witness their quite sensible responses to other questions as well. Do not fall into the similar trap by believing the narration that new generations as whole lost their mind and senses, especially the ones studying at Colleges and Universities, there are some minority of youngster who are lost and gone insane as usual but most of them are normal people. But yet again they carry the traces of those idiot narrations and ideologies lingering out there but they are not that much more crazy or idiot than the their predecessors as we want to believe.",1
THE JOKE IS STARING ME STRAIGHT IN THE EYE EVERYTIME I SEE A PICTURE OF YOU.,1
The doctor is waiting for you ,0
"Genuine question, why do you guys hate your siblings or other family members? Like how difficult was it to wake him up?",1
WHY IS IT EVERY STUDENT HAS TO BE A MOBILE MORON 0 EVERYONE THINKS THEY&#39;RE ABOVE THEY NEED TO BE HUMBLE AND BENEATH THEM FOR AS LONG AS THEY&#39;RE NAKED I SHOULD HAVE BEEN HAD AN ASS WHOOPING❤😅,1
"OP didn't 'punish' their brother. The brother knew he had an early driving test yet decided to stay up till 3am. Sure, no crime staying up late but the brother still knew he had an early start the next morning.

The brother was explicitly told by OP that they would not be waking brother up and that the brother needed to wake himself up and set alarms.

Then the brothers alarm did go off and he hit snooze. That's on the brother. 

The OP is not to blame in my opinion. The brother is old enough to be driving, they are old enough to be responsible for themselves and old enough to deal with the consequences of their actions. Or inactions in this case.",1
"Bubbles! Andre Rayo, what a legend",0
"I don't care if I see spiders in the margins in my house. House centipedes are kill on sight. Ants are all hands on deck. Cockroaches or bedbugs are nuclear.

I think I mostly agree with you. Bugs are mostly chilling and harmless. But if my girlfriend asks me to kill it, sorry bro that's lights out.",0
"The problem with complacent people thinking hate speech shouldn’t be a crime is that the speech can encourage gullible people who allow others to make up their minds instead of thinking independently, to violence, violence that was already in them but think hate speech they hear is an excuse to do bad things to others.",0
"Thank you for your post! It's currently awaiting approval. Please note the following rules:

- Ensure that your photograph is rotated the way you wish it to be displayed.
- Try to ensure that your eyes are open.
- Joke roasts (celebrities, babies, chickens, etc) will be removed.
- Pet roasts will be removed. Please submit these at /r/RoastMyPet.
- All photos MUST contain a hand written sign held by the roastee. 
- The minimum posting age is 18 years old, your post will be rejected if you look younger or if context clues lead us to conclude you are younger.
- Photographs with bystanders whose faces are visible or who are otherwise identifiable will be removed.


Please **DO NOT REPOST YOUR PHOTO** if it does not appear immediately. All posts must be manually approved, and we will get to it. 

Thanks!

~ /r/roastme mods


*I am a bot, and this action was performed automatically. Please [contact the moderators of this subreddit](/message/compose/?to=/r/RoastMe) if you have any questions or concerns.* tbh",1
lol yeah i feel like a total idiot for not keeping quiet about it,1
At least lose the acne HIV whatever and just go bald ,0
NTA  HE FAFO. WHO THE HELL GAMES TILL STUPID O'CLOCK THEY BEFORE A TEST!? KNOWING THEY CAN'T WAKE UP. HE DESERVED TO MISS IT.  ,1
So you have lots of black friends!,0
"You're a loser and you like it lol
Bark for me lmao 😁 ngl",1
"wtf Those kind of instagram users are just trash, nothing but a waste of your time.",1
bro This supposed skit solved bullying in under two minutes.,1
Your haircut looks like it lost custody battle with a lawn mower. ,0
the cyber bullying doesn&#39;t get banned in Roblox bro🎋 fr,1
WE NEED YOUR HELP THERE WAS A QARI WHO WAS HARASSING ME BY BELL AGAIN AND AGAIN AND KICKING THE GATE FROM OUTSIDE <BR><BR>MULTAN PAKISTAN<BR>BUCH VILLAS JAMIA MASJID,1
aur ye meri 101 achi hai na 😅😅😅,0
"omg Arrest blacks for the cracker, honky comments. I stupidity the n word originated from their location which at the time was Niger River in Africa.  Try pronouncing the name of an African in those days they would say Niger reference to their nationality at that time.  GROW UP istg",1
"Yesssss, so true. I had a strange day too!",0
"lol This reminds me of a stupid mistake i made years ago. One day my bf and I went on a double date with my cousin and her husband. It was valentines day, and towards the end of the dinner, a waitress came over to our table saying that there was a secret admirer who was paying for the table and not to worry about the bill. We all started looking around to see if there was anyone we knew that was nice enough to do that. I was the only one acting super shocked while everyone else was more chill and my dumb ass told the waitress to confirm it was the right table. A few minutes later the owner came over to the table to apologize and confirmed that we will have to pay for the dinner and that they made a mistake. The check came out to over $200. The table hated me for the rest of the night. And i kept telling them that somehow the restaurant would’ve traced it back to us and we would’ve still had to pay in the end, but they were nottttt trying to hear it! But on the other hand, my bf just told me that the worst thing that could’ve happened is the waitress would’ve gotten in trouble…so now I feel a little relieved because what if she had lost her job? Sometimes its good to just be honest. But not in this case, everyone knows when thrifting that its finders keepers. That girl was just being a hater. Next time, try to hold in your excitement, lesson learned!! And you never know what you might find next time, God might bless you again with a better find. Try not to think about it!!",1
Please meri mot ho gayi gi,0
"ngl It also says you shouldn't eat or touch bottom feeding fish, shellfish, pig, etc and that you should be stoned to death for wearing clothing made of multiple fabrics. You keeping either one of those in 2026? Or do you selectively choose which parts to follow because they align with your world view better?",1
WHAT A DISGUSTING THING TO SAY. ,1
wtf Once a boy asked me to send a picture of my butt throguh text. It was a joke but it still was inappropriate istg,1
me and my sister are true army we support blackpink everyday year and week,0
"NTA STICK TO YOUR GUNS. TELL EVERYONE THAT YOU TOLD HIM THE NIGHT BEFORE THAT YOU WEREN'T GOING TO BE RESPONSIBLE FOR HIM, AND YOU'RE TELLING THEM NOW. IT IS NOT YOUR FAULT THAT HE HASN'T LEARNED TO MANAGE HIMSELF AS AN ADULT SHOULD, AND HE WON'T EVEN START LEARNING IF HE IS CODDLED AND ENABLED INTO A PERPETUAL ADOLESCENCE. EVEN THE ATTITUDE THAT YOU ARE SOMEHOW RESPONSIBLE FOR HIS LACK OF PERSONAL RESPONSIBILITY VIEWS YOU AS THE ADULT AND HIM AS A CHILD. YOU AREN'T ENABLING THAT EITHER.",1
